/*
 Navicat Premium Data Transfer

 Source Server         : localhost_3306
 Source Server Type    : MySQL
 Source Server Version : 80019
 Source Host           : localhost:3306
 Source Schema         : music_player

 Target Server Type    : MySQL
 Target Server Version : 80019
 File Encoding         : 65001

 Date: 24/07/2025 23:58:08
*/

SET NAMES utf8mb4;
USE music_player;
SET FOREIGN_KEY_CHECKS = 0;

-- ----------------------------
-- Table structure for albums
-- ----------------------------
DROP TABLE IF EXISTS `albums`;
CREATE TABLE `albums`  (
  `id` int NOT NULL AUTO_INCREMENT,
  `name` varchar(100) CHARACTER SET utf8mb4 COLLATE utf8mb4_0900_ai_ci NOT NULL COMMENT '专辑名称',
  `year` varchar(10) CHARACTER SET utf8mb4 COLLATE utf8mb4_0900_ai_ci NULL DEFAULT NULL COMMENT '发行年份',
  `singer_id` int NOT NULL COMMENT '歌手ID',
  `introduction` text CHARACTER SET utf8mb4 COLLATE utf8mb4_0900_ai_ci NULL COMMENT '专辑简介',
  `pic` varchar(255) CHARACTER SET utf8mb4 COLLATE utf8mb4_0900_ai_ci NULL DEFAULT NULL COMMENT '专辑封面',
  PRIMARY KEY (`id`) USING BTREE,
  INDEX `singer_id`(`singer_id`) USING BTREE,
  CONSTRAINT `albums_ibfk_1` FOREIGN KEY (`singer_id`) REFERENCES `singers` (`id`) ON DELETE CASCADE ON UPDATE CASCADE
) ENGINE = InnoDB AUTO_INCREMENT = 49 CHARACTER SET = utf8mb4 COLLATE = utf8mb4_0900_ai_ci ROW_FORMAT = Dynamic;

-- ----------------------------
-- Records of albums
-- ----------------------------
INSERT INTO `albums` VALUES (1, '叶惠美', '2003年', 1, '《叶惠美》是周杰伦第四张国语专辑，2003年7月31日由杰威尔发行，以母亲之名致敬。11首歌融古典、嘻哈、摇滚，复古视觉呼应音乐，人文关怀升级，获金曲奖最佳专辑。', 'album/叶惠美.jpg');
INSERT INTO `albums` VALUES (2, '平凡的一天', '2018年', 2, '毛不易首张全创作专辑，2018年5月31日发行。10首歌以温暖声线勾勒日常烟火，平凡瞬间被赋予诗意，旋律松弛，歌词质朴，治愈都市疲惫，被誉为“生活散文诗”。', 'album/平凡的一天.jpg');
INSERT INTO `albums` VALUES (3, 'Xposed', '2012年', 3, '邓紫棋2012年7月5日发行专辑《Xposed》，十首全创作，摇滚与R&B交织。高亢嗓音剖析成长脆弱，记录19岁自省与控诉，获IFPI香港销量大奖，奠定“铁肺天后”地位。', 'album/Xposed.jpg');
INSERT INTO `albums` VALUES (4, 'Muse', '2012年', 4, '蔡依林2012年9月14日发行专辑《Muse》，以艺术与流行交织，融合电子、舞曲、摇滚。十首歌化身“谬思”，探讨创作与爱情灵感，视觉前卫，获金曲奖提名，展现女王蜕变。', 'album/Muse.jpg');
INSERT INTO `albums` VALUES (5, 'T.I.M.E', '2023年', 3, '“This Is My Era，这就是我的时代。” 她说。G.E.M. 邓紫棋 2023 焕新计划《T.I.M.E.》这是她珍重的时光，也是她身处的时代。《T.I.M.E.》EP 收录了在人生不同阶段里触动过 G.E.M.邓紫棋的作品，当中不乏童年时深印脑海的旋律，和长大后勾起她幕幕回忆的歌曲。每一首歌曲都经过精心挑选与改编，务求用音乐带大家穿越时光，让大家听见这就是她的时代。
', 'album/T.I.M.E.jpg');
INSERT INTO `albums` VALUES (6, '光年之外', '2016年', 3, '《光年以外》是年度科幻巨制电影《太空旅客》的中文主题曲，G.E.M.邓紫棋为其填词作曲，倾情唱出这场由奥斯卡影后詹妮弗·劳伦斯和“星爵”克里斯·帕拉特主演的太空爱恋。', 'album/光年之外.jpg');
INSERT INTO `albums` VALUES (7, '另一个童话', '2018年', 3, '“音乐童话三部曲”以《另一个童话》为序章，共3张EP的形式发布，所有词曲由G.E.M.个人创作，音乐大师Lupo Groinig操刀监制，来自加拿大的Instagram超人气插画家Giselle Ukardi为她度身绘制封面视觉，共同建构出属于G.E.M.的现实童话。', 'album/另一个童话.jpg');
INSERT INTO `albums` VALUES (8, '摩天动物园', '2019年', 3, '《摩天动物园》借动物隐喻文明与兽性之间的拉扯。面对欲望的诱惑 你会怎么选择？G.E.M.邓紫棋新专辑《摩天动物园》围绕在都市丛林中展开，城市摩天大楼中万兽齐聚，象征着城市里形形色色的人们。狮子座的邓紫棋将以万兽之后的姿态，带领你进入她的「摩天动物园」！', 'album/摩天动物园.jpg');
INSERT INTO `albums` VALUES (9, '新的心跳', '2015年', 3, '《新的心跳》是邓紫棋的第五张专辑，蕴酿三年的制作过程，十首新作，所有词曲由G.E.M.个人创作。以打破传统宣传发行的模式，实体专辑发布前便已在各大网络平台上推出十首单曲及MV，更邀得国际精英导演为所有单曲量身定制MV。视听合一，让听众打开全部感官，自由地接收和体会每一首歌。', 'album/新的心跳.jpg');
INSERT INTO `albums` VALUES (10, 'I AM GLORIA', '2025年', 3, '邓紫棋首张重录专辑《I AM GLORIA》，见证经典重生。她初中便创作《睡公主》等作品，却曾遭遇创作“孩子”被夺、权利否定的困境，但她坚守迎来曙光。如今她从G.E.M. 成长为GLORIA，这张专辑见证失散“孩子”寻回、生命裂缝成光的入口，以及她死而复生、失而复得的历程 ，是一场深刻见证。 ', 'album/IAMGLORIA.jpg');
INSERT INTO `albums` VALUES (11, '喜欢你', '2014年', 3, '《喜欢你》是邓紫棋（G.E.M.）喜爱的粤语歌，经《我是歌手2》演唱后广受歌迷欢迎，其巡演中每次唱此歌都引发全场大合唱。邓紫棋开心粤语歌能跨文化分享，故推出录音室版本及格莱美导演执导的MV，传递这份热爱，延续粤语歌生命力 。 ', 'album/喜欢你.jpg');
INSERT INTO `albums` VALUES (12, '超级冠军', '2015年', 5, '比赛中，上场者用尽全力诠释热爱，永远向前。《超级冠军》让鹿晗在另一维度燃烧生命，为赛场青春热血者助威、向突破极限者致敬，既唱他的足球梦，也唱竞技场上众人的汗水伤痛，在梦想绿茵场，人人皆超级冠军 。', 'album/超级冠军.jpg');
INSERT INTO `albums` VALUES (13, 'BohemianRhapsody', '2018年', 6, '《波希米亚狂想曲》聚焦皇后乐队，讲述其音乐传奇与主唱弗雷迪·默丘利短暂而震撼的一生。呈现乐队崛起风靡全球，也揭露背后潜藏冲突，即便弗雷迪被病魔缠身，仍在 Live Aid 舞台缔造伟大表演，展现摇滚经典的不朽魅力 。', 'album/BohemianRhapsody.jpg');
INSERT INTO `albums` VALUES (14, 'NewJeansOMG', '2023年', 7, 'NewJeans 夏末出道获鼓励，冬初遇小动物与人类想靠近又克制的场景。首张冬季专辑《OMG》延续对关系的探讨，承载特殊意义，改编首张 EP 少女故事，借共鸣、欢迎与互惠，让 “我们” 跨越陌生、亲密成长 。', 'album/newjeans.jpg');



-- ----------------------------
-- Table structure for collects
-- ----------------------------
DROP TABLE IF EXISTS `collects`;
CREATE TABLE `collects`  (
  `id` int NOT NULL AUTO_INCREMENT,
  `user_id` int NOT NULL COMMENT '用户ID',
  `song_id` int NOT NULL COMMENT '歌曲ID',
  PRIMARY KEY (`id`) USING BTREE,
  INDEX `user_id`(`user_id`) USING BTREE,
  INDEX `song_id`(`song_id`) USING BTREE,
  CONSTRAINT `collects_ibfk_1` FOREIGN KEY (`user_id`) REFERENCES `consumers` (`id`) ON DELETE CASCADE ON UPDATE CASCADE,
  CONSTRAINT `collects_ibfk_2` FOREIGN KEY (`song_id`) REFERENCES `songs` (`id`) ON DELETE CASCADE ON UPDATE CASCADE
) ENGINE = InnoDB AUTO_INCREMENT = 18 CHARACTER SET = utf8mb4 COLLATE = utf8mb4_0900_ai_ci ROW_FORMAT = Dynamic;

-- ----------------------------
-- Records of collects
-- ----------------------------
INSERT INTO `collects` VALUES (16, 1, 3);
INSERT INTO `collects` VALUES (17, 1, 6);

-- ----------------------------
-- Table structure for comments
-- ----------------------------
DROP TABLE IF EXISTS `comments`;
CREATE TABLE `comments`  (
  `id` int NOT NULL AUTO_INCREMENT,
  `user_id` int NOT NULL COMMENT '用户ID',
  `song_id` int NOT NULL COMMENT '歌曲ID',
  `content` text CHARACTER SET utf8mb4 COLLATE utf8mb4_0900_ai_ci NOT NULL COMMENT '评论内容',
  `up` int NULL DEFAULT 0 COMMENT '回复的评论id',
  `create_time` datetime(0) NULL DEFAULT NULL COMMENT '创建时间',
  PRIMARY KEY (`id`) USING BTREE,
  INDEX `user_id`(`user_id`) USING BTREE,
  INDEX `song_id`(`song_id`) USING BTREE,
  CONSTRAINT `comments_ibfk_1` FOREIGN KEY (`user_id`) REFERENCES `consumers` (`id`) ON DELETE CASCADE ON UPDATE CASCADE,
  CONSTRAINT `comments_ibfk_2` FOREIGN KEY (`song_id`) REFERENCES `songs` (`id`) ON DELETE CASCADE ON UPDATE CASCADE
) ENGINE = InnoDB AUTO_INCREMENT = 12 CHARACTER SET = utf8mb4 COLLATE = utf8mb4_0900_ai_ci ROW_FORMAT = Dynamic;

-- ----------------------------
-- Records of comments
-- ----------------------------
INSERT INTO `comments` VALUES (1, 1, 1, '很好', 0, '2025-07-22 15:27:05');
INSERT INTO `comments` VALUES (2, 1, 1, '特别好', 1, '2025-07-22 15:27:36');
INSERT INTO `comments` VALUES (3, 1, 1, '支持', 2, '2025-07-22 17:04:14');
INSERT INTO `comments` VALUES (4, 2, 1, '不对', 2, '2025-07-22 17:09:40');
INSERT INTO `comments` VALUES (5, 2, 1, '特别戳中人心的一首歌', 0, '2025-07-23 21:11:05');
INSERT INTO `comments` VALUES (6, 1, 1, '好', 5, '2025-07-23 22:38:14');
INSERT INTO `comments` VALUES (7, 2, 1, '好', 6, '2025-07-23 22:40:39');
INSERT INTO `comments` VALUES (8, 1, 1, '确实', 5, '2025-07-23 22:49:47');
INSERT INTO `comments` VALUES (9, 1, 1, '嗯', 1, '2025-07-23 22:50:43');
INSERT INTO `comments` VALUES (10, 1, 1, '再听还是会流泪', 0, '2025-07-23 22:52:34');
INSERT INTO `comments` VALUES (11, 1, 1, '对啊', 10, '2025-07-23 23:23:43');
INSERT INTO `comments` VALUES (12, 1, 2, '好', 0, '2025-07-24 11:13:50');

-- ----------------------------
-- Table structure for consumers
-- ----------------------------
DROP TABLE IF EXISTS `consumers`;
CREATE TABLE `consumers`  (
  `id` int NOT NULL AUTO_INCREMENT,
  `username` varchar(50) CHARACTER SET utf8mb4 COLLATE utf8mb4_0900_ai_ci NOT NULL COMMENT '用户名',
  `password` varchar(255) CHARACTER SET utf8mb4 COLLATE utf8mb4_0900_ai_ci NOT NULL COMMENT '密码',
  `sex` varchar(10) CHARACTER SET utf8mb4 COLLATE utf8mb4_0900_ai_ci NULL DEFAULT NULL COMMENT '性别',
  `phone_num` varchar(20) CHARACTER SET utf8mb4 COLLATE utf8mb4_0900_ai_ci NULL DEFAULT NULL COMMENT '手机号',
  `birth` varchar(50) CHARACTER SET utf8mb4 COLLATE utf8mb4_0900_ai_ci NULL DEFAULT NULL COMMENT '生日',
  `location` varchar(100) CHARACTER SET utf8mb4 COLLATE utf8mb4_0900_ai_ci NULL DEFAULT NULL COMMENT '地址',
  `avatar` varchar(255) CHARACTER SET utf8mb4 COLLATE utf8mb4_0900_ai_ci NULL DEFAULT NULL COMMENT '头像',
  PRIMARY KEY (`id`) USING BTREE
) ENGINE = InnoDB CHARACTER SET = utf8mb4 COLLATE = utf8mb4_0900_ai_ci ROW_FORMAT = Dynamic;

-- ----------------------------
-- Records of consumers
-- ----------------------------
INSERT INTO `consumers` VALUES (1, 'epiphany', '123456', '男', '13800138001', '1995-01-15', '天津市', 'avatar/user1.jpg');
INSERT INTO `consumers` VALUES (2, '灿宝永远闪耀', '123456', '男', '15685269632', '1993-11-05', '天津市', 'avatar/user2.jpg');

-- ----------------------------
-- Table structure for singers
-- ----------------------------
DROP TABLE IF EXISTS `singers`;
CREATE TABLE `singers`  (
  `id` int NOT NULL AUTO_INCREMENT,
  `name` varchar(50) CHARACTER SET utf8mb4 COLLATE utf8mb4_0900_ai_ci NOT NULL COMMENT '歌手名称',
  `sex` varchar(10) CHARACTER SET utf8mb4 COLLATE utf8mb4_0900_ai_ci NULL DEFAULT NULL COMMENT '性别',
  `pic` varchar(255) CHARACTER SET utf8mb4 COLLATE utf8mb4_0900_ai_ci NULL DEFAULT NULL COMMENT '头像',
  `region` varchar(50) CHARACTER SET utf8mb4 COLLATE utf8mb4_0900_ai_ci NULL DEFAULT NULL COMMENT '地区',
  `introduction` text CHARACTER SET utf8mb4 COLLATE utf8mb4_0900_ai_ci NULL COMMENT '简介',
  PRIMARY KEY (`id`) USING BTREE
) ENGINE = InnoDB AUTO_INCREMENT = 17 CHARACTER SET = utf8mb4 COLLATE = utf8mb4_0900_ai_ci ROW_FORMAT = Dynamic;

-- ----------------------------
-- Records of singers
-- ----------------------------
INSERT INTO `singers` VALUES (1, '周杰伦', '男', 'singer/周杰伦.jpg', '港台', '周杰伦，华语流行乐坛划时代天王，1979年生于台北，集词曲创作、演唱、导演于一身。融合R&B、古典、中国风，开创“周氏曲风”，代表作《七里香》《青花瓷》等横扫亚洲，获奖无数，引领千禧世代音乐潮流。');
INSERT INTO `singers` VALUES (2, '毛不易', '男', 'singer/毛不易.jpg', '内地', '毛不易，1994年生于黑龙江齐齐哈尔，内地创作型歌手、词曲作者。2017年《明日之子》冠军出道，以《消愁》《像我这样的人》等原创刷屏，词写平凡诗意，嗓音温暖沧桑。专辑《平凡的一天》《小王》口碑销量双赢，多首OST热播，被誉为“用音乐讲故事的人”。');
INSERT INTO `singers` VALUES (3, '邓紫棋', '女', 'singer/邓紫棋.jpg', '港台', '邓紫棋（G.E.M.），1991年生于上海、成长于香港，华语天后级唱作人。2008年16岁出道即横扫香港四台新人奖，2014年《我是歌手2》爆红内地。铁肺高音+创作才华，代表作《泡沫》《光年之外》《句号》等播放量破百亿。巡演场场售罄，首位五登北京鸟巢的华语女歌手，YouTube华语歌手订阅量全球第一。');
INSERT INTO `singers` VALUES (4, '蔡依林', '女', 'singer/蔡依林.jpg', '港台', '蔡依林（Jolin Tsai），1980年生于台湾新北市，华语流行女皇。1999年凭《1019》出道，以《舞娘》《特务J》《呸》等专辑屡破销量与金曲纪录，唱跳全能、造型先锋，被誉为“亚洲唱跳天后”。持续引领潮流，巡演横跨四大洲，是首位在台北小巨蛋连开六场的女歌手，影响力辐射全亚洲。');
INSERT INTO `singers` VALUES (5, '鹿晗', '男', 'singer/鹿晗.jpg', '内地', '鹿晗，1990年生于北京，2012年以EXO主唱、领舞身份出道，凭借唱跳实力与个人魅力崭露头角。2014年回国后，音乐上推出《Reloaded》《π-volume.1》等专辑，《勋章》《致爱》等单曲兼具传唱度与风格突破，2025年新专《Seasons》延续多元音乐探索。');
INSERT INTO `singers` VALUES (6, 'Queen', '组合', 'singer/Queen.jpg', '欧美', 'Queen（皇后乐队），摇滚史上璀璨之星。融合华丽摇滚、前卫摇滚等风格，《Bohemian Rhapsody》等金曲传世。弗雷迪·莫库里的独特嗓音与乐队创新编曲，塑造不朽经典，影响无数音乐人，是摇滚精神与艺术创造力的永恒象征 。');
INSERT INTO `singers` VALUES (7, 'NewJeans', '组合', 'singer/newjeans.jpg', '日韩', 'NewJeans（뉴진스）是由韩国 ADOR 于 2022 年推出的女子音乐组合，由三位韩国籍成员 MINJI、HAERIN、HYEIN，一位越南籍成员 HANNI，以及一位一位澳韩双籍成员 DANIELLE 所组成，2022 年 8 月 1 日以首张迷你专辑《New Jeans》出道。');



-- ----------------------------
-- Table structure for song_lists
-- ----------------------------
DROP TABLE IF EXISTS `song_lists`;
CREATE TABLE `song_lists`  (
  `id` int NOT NULL AUTO_INCREMENT,
  `name` varchar(100) CHARACTER SET utf8mb4 COLLATE utf8mb4_0900_ai_ci NOT NULL COMMENT '歌单名称',
  `pic` varchar(255) CHARACTER SET utf8mb4 COLLATE utf8mb4_0900_ai_ci NULL DEFAULT NULL COMMENT '歌单封面',
  `introduction` text CHARACTER SET utf8mb4 COLLATE utf8mb4_0900_ai_ci NULL COMMENT '歌单简介',
  `style` varchar(100) CHARACTER SET utf8mb4 COLLATE utf8mb4_0900_ai_ci NULL DEFAULT NULL COMMENT '风格',
  `user_id` int NOT NULL COMMENT '创建用户ID',
  PRIMARY KEY (`id`) USING BTREE,
  INDEX `user_id`(`user_id`) USING BTREE,
  CONSTRAINT `song_lists_ibfk_1` FOREIGN KEY (`user_id`) REFERENCES `consumers` (`id`) ON DELETE CASCADE ON UPDATE CASCADE
) ENGINE = InnoDB AUTO_INCREMENT = 2 CHARACTER SET = utf8mb4 COLLATE = utf8mb4_0900_ai_ci ROW_FORMAT = Dynamic;

-- ----------------------------
-- Records of song_lists
-- ----------------------------
INSERT INTO `song_lists` VALUES (1, '最 · 邓紫棋', 'song_list/1.jpg', '铁肺小天后，女rapper制作人。越勇敢越幸运的邓紫棋，用超强高音能量和你一起嗨翻全场。', '流行', 1);

-- ----------------------------
-- Table structure for song_to_lists
-- ----------------------------
DROP TABLE IF EXISTS `song_to_lists`;
CREATE TABLE `song_to_lists`  (
  `id` int NOT NULL AUTO_INCREMENT,
  `song_id` int NOT NULL COMMENT '歌曲ID',
  `list_id` int NOT NULL COMMENT '歌单ID',
  PRIMARY KEY (`id`) USING BTREE,
  INDEX `song_id`(`song_id`) USING BTREE,
  INDEX `list_id`(`list_id`) USING BTREE,
  CONSTRAINT `song_to_lists_ibfk_1` FOREIGN KEY (`song_id`) REFERENCES `songs` (`id`) ON DELETE CASCADE ON UPDATE CASCADE,
  CONSTRAINT `song_to_lists_ibfk_2` FOREIGN KEY (`list_id`) REFERENCES `song_lists` (`id`) ON DELETE CASCADE ON UPDATE CASCADE
) ENGINE = InnoDB AUTO_INCREMENT = 2 CHARACTER SET = utf8mb4 COLLATE = utf8mb4_0900_ai_ci ROW_FORMAT = Dynamic;

-- ----------------------------
-- Records of song_to_lists
-- ----------------------------
INSERT INTO `song_to_lists` VALUES (1, 6, 1);

-- ----------------------------
-- Table structure for songs
-- ----------------------------
DROP TABLE IF EXISTS `songs`;
CREATE TABLE `songs`  (
  `id` int NOT NULL AUTO_INCREMENT,
  `singer_id` int NOT NULL COMMENT '歌手ID',
  `name` varchar(100) CHARACTER SET utf8mb4 COLLATE utf8mb4_0900_ai_ci NOT NULL COMMENT '歌曲名称',
  `pic` varchar(255) CHARACTER SET utf8mb4 COLLATE utf8mb4_0900_ai_ci NULL DEFAULT NULL COMMENT '歌曲封面',
  `lyric` text CHARACTER SET utf8mb4 COLLATE utf8mb4_0900_ai_ci NULL COMMENT '歌词',
  `url` varchar(255) CHARACTER SET utf8mb4 COLLATE utf8mb4_0900_ai_ci NULL DEFAULT NULL COMMENT '歌曲链接',
  `album_id` int NULL DEFAULT NULL COMMENT '专辑ID',
  `click_num` int NULL DEFAULT 0 COMMENT '点击次数',
  `video_url` varchar(255) CHARACTER SET utf8mb4 COLLATE utf8mb4_0900_ai_ci NULL DEFAULT NULL COMMENT '视频连接',
  PRIMARY KEY (`id`) USING BTREE,
  INDEX `singer_id`(`singer_id`) USING BTREE,
  INDEX `album_id`(`album_id`) USING BTREE,
  CONSTRAINT `songs_ibfk_1` FOREIGN KEY (`singer_id`) REFERENCES `singers` (`id`) ON DELETE CASCADE ON UPDATE CASCADE,
  CONSTRAINT `songs_ibfk_2` FOREIGN KEY (`album_id`) REFERENCES `albums` (`id`) ON DELETE CASCADE ON UPDATE CASCADE
) ENGINE = InnoDB CHARACTER SET = utf8mb4 COLLATE = utf8mb4_0900_ai_ci ROW_FORMAT = Dynamic;

-- ----------------------------
-- Records of songs
-- ----------------------------
INSERT INTO `songs` VALUES (1, 1, '以父之名', 'song/以父之名.jpg', '[ti:以父之名]
[ar:]
[al:]
[by:]
[00:02.28]Ave Maria grazia ricevuta per la mia famiglia
[00:14.93]（万福玛利亚 感谢您赐予我家族的恩典）
[00:15.32]Con risentito con unamorevole divino amen
[00:30.00]（带着懊悔与神圣的爱 阿门）
[00:30.28]Grazie chiedo a te o signore divino
[00:34.48]（我祈求您 神圣的主）
[00:34.84]In questo giorno di grazia prego per te
[00:38.15]（在这恩典之日为您祈祷）
[00:38.63]Ave Maria piena di grazia
[00:40.59]（万福玛利亚 充满圣宠）
[00:41.02]Il signore e con te
[00:42.63]（主与你同在）
[00:42.68]Sia fatta la tua volonta
[00:44.26]（愿你的旨意成全）
[00:44.35]Così in cielo e così in terra neil nome
[00:47.11]（如同在天上 如同在地上）
[00:47.25]Del padre del figliolo e dello spirito santo amen
[00:52.00]（因父、及子、及圣神之名 阿门）
[00:52.19]微凉的晨露 沾湿黑礼服
[01:29.87]石板路有雾 父在低诉
[01:32.71]无奈的觉悟 只能更残酷
[01:35.35]一切都为了通往圣堂的路
[01:38.13]吹不散的雾 隐没了意图
[01:40.82]谁轻柔踱步 停住
[01:43.30]还来不及哭
[01:44.25]穿过的子弹就带走温度
[01:48.92]我们每个人都有罪
[01:50.35]犯着不同的罪
[01:51.74]我能决定谁对
[01:53.05]谁又该要沉睡
[01:54.53]争论不能解决
[01:55.90]在永无止境的夜
[01:57.30]关掉你的嘴
[01:58.61]唯一的恩惠
[01:59.72]挡在前面的人都有罪
[02:01.22]后悔也无路可退
[02:02.80]以父之名判决
[02:04.04]那感觉没有适合字汇
[02:05.75]就像边笑边掉泪
[02:07.10]凝视着完全的黑
[02:08.52]阻挡悲剧蔓延的悲剧会让我沉醉
[02:10.99]低头亲吻我的左手
[02:12.30]换取被宽恕的承诺
[02:13.60]老旧管风琴在角落
[02:14.96]一直一直一直伴奏
[02:16.37]黑色帘幕被风吹动
[02:17.75]阳光无言地穿透
[02:19.24]洒向那群被我驯服后的兽
[02:21.92]沉默地喊叫 沉默地喊叫
[02:23.27]孤单开始发酵
[02:24.73]不停对着我嘲笑
[02:26.07]回忆逐渐延烧
[02:27.47]曾经纯真的画面
[02:28.84]残忍的温柔出现
[02:30.19]脆弱时间到
[02:31.14]我们一起来祷告
[02:32.87]仁慈的父我已坠入
[02:35.87]看不见罪的国度
[02:38.52]请原谅我的自负
[02:41.07]Ah ya ya check it check it ah ya
[02:44.00]没人能说没人可说
[02:46.77]好难承受
[02:48.59]荣耀的背后刻着一道孤独
[02:52.02]Ah ya ya check it check it ah ya
[02:54.90]闭上双眼我又看见
[02:57.87]当年那梦的画面
[03:00.50]天空是蒙蒙的雾
[03:03.03]Ah ya ya check it check it ah ya
[03:05.84]父亲牵着我的双手
[03:08.76]轻轻走过
[03:10.57]清晨那安安静静的石板路
[03:13.99]Ah ya ya check it check it ah ya
[03:23.14]Pie Jesu
[03:28.83]（慈悲的耶稣）
[03:28.91]Qui tollis peccata
[03:33.31]（除免世罪者）
[03:33.51]Dona eis requiem
[03:45.13]（求你赐他们安息）
[03:45.41]低头亲吻我的左手
[03:48.00]换取被宽恕的承诺
[03:49.38]老旧管风琴在角落
[03:50.67]一直一直一直伴奏
[03:52.13]黑色帘幕被风吹动
[03:53.49]阳光无言地穿透
[03:54.90]洒向那群被我驯服后的兽
[03:57.58]沉默地喊叫 沉默地喊叫
[03:59.01]孤单开始发酵
[04:00.31]不停对着我嘲笑
[04:01.70]回忆逐渐延烧
[04:03.06]曾经纯真的画面
[04:04.49]残忍的温柔出现
[04:05.82]脆弱时间到
[04:06.87]我们一起来祷告
[04:08.60]仁慈的父我已坠入
[04:11.50]看不见罪的国度
[04:14.22]请原谅我的自负
[04:16.79]Ah ya ya check it check it ah ya
[04:19.52]没人能说没人可说
[04:22.61]好难承受
[04:24.34]荣耀的背后刻着一道孤独
[04:27.77]Ah ya ya check it check it ah ya
[04:31.13]仁慈的父我已坠入
[04:36.42]看不见罪的国度
[04:41.78]请原谅我 我的自负
[04:47.49]刻着一道孤独
[04:52.57]仁慈的父我已坠入
[04:55.35]看不见罪的国度
[04:58.17]请原谅我的自负
[05:00.69]Ah ya ya check it check it ah ya
[05:03.35]没人能说没人可说
[05:06.33]好难承受
[05:08.10]荣耀的背后刻着一道孤独
[05:11.64]Ah ya ya check it check it ah ya
[05:14.46]闭上双眼我又看见（斑驳的家徽 擦拭了一夜）
[05:17.35]当年那梦的画面（孤独的光辉 才懂的感觉）
[05:20.30]天空是蒙蒙的雾（烛光 不 不 停的摇晃）
[05:22.70]猫头鹰在窗棂上
[05:23.87]对着远方眺望
[05:25.27]父亲牵着我的双手（通向大厅的长廊）
[05:28.35]轻轻走过（一样 说不出的沧桑）
[05:30.22]清晨那安安静静的石板路（没有喧嚣 只有宁静围绕）
[05:33.63]我 慢慢睡着
[05:34.97]天 刚刚破晓', 'music/以父之名.mp3', 1, 0, 'video/以父之名.mp4');
INSERT INTO `songs` VALUES (2, 1, '东风破', 'song/东风破.jpg', '[ti:东风破]
[ar:]
[al:]
[by:]

[00:00.00]
[00:14.15]一盏离愁 孤单伫立在窗口
[00:20.41]我在门后 假装你人还没走
[00:26.89]旧地如重游 月圆更寂寞
[00:33.93]夜半清醒的烛火 不忍苛责我
[00:40.08]一壶漂泊 浪迹天涯难入喉
[00:46.74]你走之后 酒暖回忆思念瘦
[00:53.18]水向东流 时间怎么偷
[01:00.20]花开就一次成熟 我却错过
[01:10.06]谁在用琵琶弹奏 一曲东风破
[01:16.78]岁月在墙上剥落 看见小时候
[01:23.26]犹记得那年我们都还很年幼
[01:29.75]而如今琴声幽幽 我的等候 你没听过
[01:36.34]谁在用琵琶弹奏 一曲东风破
[01:42.94]枫叶将故事染色 结局我看透
[01:49.54]篱笆外的古道我牵着你走过
[01:56.09]荒烟漫草的年头 就连分手都很沉默
[02:28.99]一壶漂泊 浪迹天涯难入喉
[02:35.63]你走之后 酒暖回忆思念瘦
[02:42.08]水向东流 时间怎么偷
[02:48.70]花开就一次成熟 我却错过
[02:58.53]谁在用琵琶弹奏 一曲东风破
[03:05.12]岁月在墙上剥落 看见小时候
[03:11.69]犹记得那年我们都还很年幼
[03:18.31]而如今琴声幽幽 我的等候 你没听过
[03:24.88]谁在用琵琶弹奏 一曲东风破
[03:31.46]枫叶将故事染色 结局我看透
[03:37.94]篱笆外的古道我牵着你走过
[03:44.53]荒烟漫草的年头 就连分手都
[03:51.14]谁在用琵琶弹奏 一曲东风破
[03:57.70]岁月在墙上剥落 看见小时候
[04:04.32]犹记得那年我们都还很年幼
[04:10.85]而如今琴声幽幽 我的等候 你没听过
[04:17.37]谁在用琵琶弹奏 一曲东风破
[04:23.98]枫叶将故事染色 结局我看透
[04:30.49]篱笆外的古道我牵着你走过
[04:37.12]荒烟漫草的年头 就连分手都很沉默', 'music/东风破.mp3', 1, 0, 'video/东风破.mp4');
INSERT INTO `songs` VALUES (3, 1, '夜曲', 'song/夜曲.jpg', '[ti:夜曲]
[ar:]
[al:]
[by:]
[00:25.21]一群嗜血的蚂蚁 被腐肉所吸引
[00:28.05]我面无表情 看孤独的风景
[00:31.27]失去你 爱恨开始分明
[00:33.64]失去你 还有什么事好关心
[00:36.77]当鸽子不再象征和平
[00:38.51]我终于被提醒
[00:39.94]广场上喂食的是秃鹰
[00:42.24]我用漂亮的押韵
[00:43.42]形容被掠夺一空的爱情
[00:47.20]啊 乌云开始遮蔽 夜色不干净
[00:50.09]公园里 葬礼的回音 在漫天飞行
[00:52.74]送你的白色玫瑰
[00:54.30]在纯黑的环境凋零
[00:55.68]乌鸦在树枝上诡异的很安静
[00:58.10]静静听 我黑色的大衣
[01:00.60]想温暖你日渐冰冷的回忆
[01:02.76]走过的走过的生命
[01:04.10]啊 四周弥漫雾气
[01:05.26]啊 我在空旷的墓地
[01:06.74]老去后还爱你
[01:09.19]为你弹奏肖邦的夜曲
[01:12.18]纪念我死去的爱情
[01:15.01]跟夜风一样的声音
[01:17.80]心碎的很好听
[01:20.68]手在键盘敲很轻
[01:23.30]我给的思念很小心
[01:26.05]你埋葬的地方叫幽冥
[01:30.68]为你弹奏肖邦的夜曲
[01:34.28]纪念我死去的爱情
[01:37.04]而我为你隐姓埋名
[01:39.79]在月光下弹琴
[01:42.60]对你心跳的感应
[01:45.37]还是如此温热亲近
[01:48.06]怀念你那鲜红的唇印
[02:15.72]那些断翅的蜻蜓 散落在这森林
[02:18.49]而我的眼睛 没有丝毫同情
[02:21.79]失去你 泪水混浊不清
[02:24.01]失去你 我连笑容都有阴影
[02:27.22]风在长满青苔的屋顶
[02:28.84]嘲笑我的伤心
[02:30.28]像一口没有水的枯井
[02:32.62]我用凄美的字型
[02:33.81]描绘后悔莫及的那爱情
[02:37.45]为你弹奏肖邦的夜曲
[02:40.44]纪念我死去的爱情
[02:43.36]跟夜风一样的声音
[02:46.01]心碎的很好听
[02:48.85]手在键盘敲很轻
[02:51.53]我给的思念很小心
[02:54.32]你埋葬的地方叫幽冥
[02:58.58]为你弹奏肖邦的夜曲
[03:02.51]纪念我死去的爱情
[03:05.31]而我为你隐姓埋名
[03:08.15]在月光下弹琴
[03:10.82]对你心跳的感应
[03:13.58]还是如此温热亲近
[03:16.33]怀念你那鲜红的唇印
[03:21.82]一群嗜血的蚂蚁 被腐肉所吸引
[03:24.69]我面无表情 看孤独的风景
[03:27.78]失去你 爱恨开始分明
[03:30.19]失去你 还有什么事好关心
[03:33.23]当鸽子不再象征和平
[03:35.03]我终于被提醒
[03:36.39]广场上喂食的是秃鹰
[03:38.79]我用漂亮的押韵
[03:39.90]形容被掠夺一空的爱情
', 'music/夜曲.mp3', 1, 0, 'video/夜曲.mp4');
INSERT INTO `songs` VALUES (4, 2, '无问', 'song/无问.jpg', '[ti:无问]
[ar:]
[al:]
[by:]
[00:19.88]你问风为什么托着候鸟飞翔
[00:25.35]却又吹的让他慌张
[00:29.79]你问雨为什么滋养万物生长
[00:35.30]却也湿透他的衣裳
[00:39.88]你问他为什么亲吻他的伤疤
[00:45.31]却又不能带他回家
[00:50.52]你问我为什么还是不敢放下
[00:55.30]明知听不到回答
[00:59.93]如果光已忘了要将前方照亮
[01:05.32]你会握着我的手吗
[01:10.19]如果路会通往不知名的地方
[01:15.32]你会跟我一起走吗
[01:19.81]一生太短 一瞬好长
[01:24.70]我们哭着醒来 又哭着遗忘
[01:30.38]幸好啊 你的手曾落在我肩膀
[01:39.80]就像空中漂浮的
[01:42.22]渺小的 某颗尘土
[01:50.09]它到底 为什么 为什么
[01:54.65]不肯停驻
[02:00.40]直到乌云散去 风雨落幕
[02:10.33]他会带你找到 光的来处
[02:19.65]就像手边落满了
[02:30.08]灰尘的 某一本书
[02:30.01]它可曾 单薄地
[02:32.09]承载了 谁的酸楚
[02:40.27]尽管岁月无声 流向迟暮
[02:50.35]他会让你想起 你的归途
[03:44.96]如果光已忘了要将前方照亮
[03:50.82]你会握着我的手吗
[03:56.12]如果路会通往不知名的地方
[04:01.77]你会跟我一起走吗', 'music/无问.mp3', 2, 0, 'video/无问.mp4');
INSERT INTO `songs` VALUES (5, 2, '盛夏', 'song/盛夏.jpg', '[ti:盛夏]
[ar:]
[al:]
[by:]
[00:31.67]那是日落时候轻轻发出的叹息啊
[00:39.22]昨天已经走远了 明天该去哪啊
[00:46.94]相框里的那些闪闪发光的我们啊
[00:54.55]在夏天发生的事 你忘了吗
[01:03.47]铁道旁的老树下 几只乌鸦
[01:11.20]叫到嗓音沙哑 却再没人回答
[01:18.95]火车呼啸着驶过 驶过寂寞或繁华
[01:25.67]曾经年轻的人啊 也想我吗
[01:34.70]就回来吧 回来吧 有人在等你呢
[01:43.37]有人在等你说完那句说一半的话
[01:50.06]就别走了 留下吧 外面它太复杂
[01:58.82]多少次让你热泪盈眶却不敢流下
[02:38.47]铁道旁的老树下 几只乌鸦
[02:46.06]叫到嗓音沙哑 却再没人回答
[02:53.62]火车呼啸着驶过 驶过寂寞或繁华
[03:00.54]曾经年轻的人啊 也会想我吗
[03:09.56]就回来吧 回来吧 有人在等你呢
[03:18.16]有人在等你说完那句说一半的话
[03:24.91]就别走了 留下吧 外面它太复杂
[03:33.71]多少次让你热泪盈眶却不敢流下
[03:55.99]可时光啊 不听话 总催着人长大
[04:04.68]这一站到下一站旅途总是停不下
[04:11.41]就慢慢的 忘了吧 因为回不去啊
[04:20.19]这闭上眼睛就拥有了一切的盛夏', 'music/盛夏.mp3', 2, 0, 'video/盛夏.mp4');
INSERT INTO `songs` VALUES (6, 3, '泡沫', 'song/泡沫.jpg', '[ti:泡沫]
[ar:]
[al:]
[by:]
[00:00.72]阳光下的泡沫　是彩色的
[00:08.41]就像被骗的我　是幸福的
[00:15.45]追究什么对错　你的谎言
[00:22.50]基于你还爱我
[00:28.77]美丽的泡沫　虽然一刹花火
[00:35.78]你所有承诺　虽然都太脆弱
[00:42.78]但爱像泡沫　如果能够看破
[00:49.90]有什么难过
[00:58.07]早该知道泡沫　一触就破
[01:04.97]就像已伤的心　不胜折磨
[01:11.89]也不是谁的错　谎言再多
[01:18.91]基于你还爱我
[01:25.67]美丽的泡沫　虽然一刹花火
[01:32.27]你所有承诺　虽然都太脆弱
[01:39.27]爱本是泡沫　如果能够看破
[01:46.36]有什么难过
[01:53.67]再美的花朵　盛开过就淍落
[02:00.59]再亮眼的星　一闪过就坠落
[02:07.50]爱本是泡沫　如果能够看破
[02:14.71]有什么难过
[02:21.95]为什么难过
[02:28.73]有什么难过
[02:35.77]为什么难过
[02:46.46]全都是泡沫　只一刹的花火
[02:53.50]你所有承诺　全部都太脆弱
[03:00.47]而你的轮廓　怪我没有看破
[03:07.47]才如此难过
[03:14.63]相爱的把握　要如何再搜索
[03:21.68]相拥着寂寞　难道就不寂寞
[03:28.95]爱本是泡沫　怪我没有看破
[03:35.77]才如此难过
[03:43.90]在雨下的泡沫　一触就破
[03:50.97]当初炽热的心　早已沉没
[03:57.83]说什么你爱我　如果骗我
[04:04.93]我宁愿你沉默
', 'music/泡沫.mp3', 3, 0, 'video/泡沫.mp4');
INSERT INTO `songs` VALUES (7, 4, '舞娘', 'song/舞娘.jpg', '[ti:舞娘]
[ar:]
[al:]
[by:]
[00:11.55]月光 放肆在染色的窗边
[00:16.90]转眼 魔幻所有视觉
[00:21.74]再一杯 那古老神秘恒河水
[00:26.84]我镶在额头的猫眼
[00:29.95]揭开了庆典
[00:32.30]为爱囚禁数千年的关节
[00:37.10]正诉说遗忘的爱恋
[00:42.05]听所有喜悲系在我的腰间
[00:46.86]让那些画面再出现
[00:49.81]再回到从前
[00:52.74]旋转 跳跃 我闭着眼
[00:57.21]尘嚣看不见 你沉醉了没
[01:02.22]白雪 夏夜 我不停歇
[01:06.62]模糊了年岁
[01:09.03]时光的沙漏被我踩碎
[01:16.33]月光 放肆在染色的窗边
[01:20.09]转眼 魔幻所有视觉
[01:23.62]再一杯 那古老神秘恒河水
[01:27.62]我镶在额头的猫眼
[01:29.82]揭开了庆典
[01:31.54]为爱囚禁数千年的关节
[01:35.12]正诉说遗忘的爱恋
[01:39.15]听所有喜悲系在我的腰间
[01:42.74]让那些画面再出现
[01:45.19]再回到从前
[01:50.38]旋转 跳跃 我闭着眼
[01:53.86]尘嚣看不见 你沉醉了没
[01:57.62]白雪 夏夜 我不停歇
[02:01.00]模糊了年岁
[02:02.90]时光的沙漏被我踩碎
[02:05.39]旋转 旋转 旋转
[02:12.58]旋转 旋转 旋转
[02:19.52]所有喜悲写在我的眼前
[02:23.52]让那些画面再出现
[02:26.44]再回到从前
[02:30.64]旋转 跳跃 我闭着眼
[02:34.12]尘嚣看不见 你沉醉了没
[02:37.82]白雪 夏夜 我不停歇
[02:41.18]模糊了年岁
[02:42.94]时光的沙漏被我踩碎', 'music/舞娘.mp3', 4, 0, 'video/舞娘.mp4');
INSERT INTO `songs` VALUES (8, 4, '花蝴蝶', 'song/花蝴蝶.jpg', '[ti:花蝴蝶]
[ar:]
[al:]
[by:]
[00:15.57]环游了世界全世界
[00:19.77]却发现美丽没有旗舰店
[00:23.21]谁穿着钉鞋不肯变
[00:27.51]停止了自转变成一个茧
[00:31.05]你我都希望特别
[00:33.62]又不敢太过于特别 yeah
[00:38.62]流行是一种安全
[00:41.21]搔着闷骚的太阳穴
[00:46.19]你是花花世界里限量版的花花蝴蝶
[00:50.24]美女们只是比较豁出去比较敢一点
[00:54.12]花蝴蝶的美的艳的炫若没三审定谳
[00:58.00]那些路人甲们凭什么发言惹人讨厌
[01:01.81]快离开冬眠赶快破茧
[01:05.97]别被无聊困在地球表面
[01:09.59]想灵魂出窍甩平凡嘴脸
[01:13.60]就自创品牌靠自己变脸
[01:17.48]当你不刻意特别
[01:19.92]突然就会变得特别 yeah
[01:25.05]只要别越描越黑
[01:27.64]你的眼睛就会放电
[01:32.77]你是花花世界里限量版的花花蝴蝶
[01:36.71]美女们只是比较豁出去比较敢一点
[01:40.46]花蝴蝶的美的艳的炫若没三审定谳
[01:44.39]那些路人甲们凭什么发言惹人讨厌
[01:48.25]你可以瞬间飞去东京巴黎米兰纽约
[01:52.17]别让别人嘴里的形容词左右你视野
[01:56.09]如果有人的魅力足够为这世纪代言
[01:59.89]那是她敢站出来变成蝴蝶飞舞翩翩
[02:03.74]你是花花世界里限量版的花花蝴蝶
[02:07.63]美女们只是比较豁出去比较敢一点
[02:11.46]花蝴蝶的美的艳的炫若没三审定谳
[02:15.35]那些路人甲们凭什么发言惹人讨厌
[02:19.05]准备惊艳
[02:20.19]你可以身穿花花衣当限量的花蝴蝶
[02:24.12]你可以比你想象中再爱炫再敢一点
[02:27.91]你可以自己决定没得最后三审定谳
[02:31.79]你可以让路人甲闭嘴惊艳
[02:34.80]你是花花世界里限量版的花花蝴蝶
[02:38.56]美女们只是比较豁出去比较敢一点
[02:42.40]花蝴蝶的美的艳的炫若没三审定谳
[02:46.21]那些路人甲们凭什么发言惹人讨厌
[02:49.89]准备惊艳', 'music/花蝴蝶.mp3', 4, 0, 'video/花蝴蝶.mp4');
INSERT INTO `songs` VALUES (9, 3, '唯一', 'song/唯一.jpg', '[00:00.2]唯一 - G.E.M. 邓紫棋
[00:02.05]词：告五人/云安
[00:03.48]曲：告五人/云安
[00:04.85]改编词曲：G.E.M.邓紫棋
[00:07.23]制作人：G.E.M.邓紫棋/T-Ma
[00:09.72]编曲：G.E.M.邓紫棋/T-Ma
[00:15.27]你真的懂唯一的定义
[00:21.13]并不简单如呼吸
[00:28.44]你真的希望你能厘清
[00:34.44]若没交心怎么说明
[00:40.24]我真的爱你 句句不轻易
[00:53.82]眼神中飘移
[00:59.56]总是在关键时刻清楚洞悉
[01:07.37]你的不坚定 配合我颠沛流离
[01:20.25]死去中清醒 明白你背着我聪明
[01:48.2]那些我 想说的 没说的 话
[01:54.7]有时我 怀疑呢 只是我 傻瓜
[02:01.45]但如果真的爱 不会算计
[02:04.45]爱是不嫉妒 不张狂 不求自⼰
[02:08.14]无关你的回应 永不止息
[02:12.84]你知道
[02:13.6]我真的爱你 没人能比拟
[02:26.89]眼神没肯定
[02:32.75]总是在关键时刻清楚洞悉
[02:40.27]你的不坚定 配合我颠沛流离
[02:53.52]死去中清醒 明白你背着我聪明
[03:06.12]我知道
[03:06.98]爱本质无异 是因为人多得拥挤
[03:20.3]你不想证明 证明我是你唯一
[03:32.85]证明我是你唯一
[03:38.19]混音：Claudia Koh
[03:39.14]母带：T-Ma马敬恒
[03:40.65]OP：更漂亮音乐工作室
[03:42.7]SP：相信音乐国际股份有限公司', 'music/唯一.mp3', 5, 0, '');
INSERT INTO `songs` VALUES (10, 3, '光年之外', 'song/光年之外.jpg', '[00:00.001]光年之外 (《太空旅客（Passengers）》电影中国区主题曲) - G.E.M. 邓紫棋
[00:05.791]词：G.E.M. 邓紫棋
[00:06.636]曲：G.E.M. 邓紫棋
[00:07.524]编曲：Lupo Groinig
[00:08.231]监制：Lupo Groinig
[00:08.971]OP：蜂鸟音乐
[00:09.859]SP：百纳娱乐
[00:12.543]感受停在我发端的指尖
[00:16.626]如何瞬间冻结时间
[00:23.456]记住望着我坚定的双眼
[00:27.532]也许已经没有明天
[00:33.998]面对浩瀚的星海
[00:36.586]我们微小得像尘埃
[00:39.049]漂浮在一片无奈
[00:44.948]缘分让我们相遇乱世以外
[00:50.311]命运却要我们危难中相爱
[00:55.789]也许未来遥远在光年之外
[01:01.25]我愿守候未知里为你等待
[01:05.356]我没想到为了你我能疯狂到
[01:10.675]山崩海啸没有你根本不想逃
[01:16.291]我的大脑为了你已经疯狂到
[01:21.716995]脉搏心跳没有你根本不重要
[01:28.921]一双围在我胸口的臂弯
[01:32.934]足够抵挡天旋地转
[01:39.831]一种执迷不放手的倔强
[01:43.894]足以点燃所有希望
[01:50.333]宇宙磅礴而冷漠
[01:52.894]我们的爱微小却闪烁
[01:55.41]颠簸却如此忘我
[02:01.212]缘分让我们相遇乱世以外
[02:06.727]命运却要我们危难中相爱
[02:12.169]也许未来遥远在光年之外
[02:17.581]我愿守候未知里为你等待
[02:21.637]我没想到为了你我能疯狂到
[02:27.121]山崩海啸没有你根本不想逃
[02:32.638]我的大脑为了你已经疯狂到
[02:38.008]脉搏心跳没有你根本不重要
[02:43.966]也许航道以外是醒不来的梦
[02:56.486]乱世以外是纯粹的相拥
[03:05.343]我没想到为了你我能疯狂到
[03:10.721]山崩海啸没有你根本不想逃
[03:16.23]我的大脑为了你已经疯狂到
[03:21.587]脉搏心跳没有你根本不重要
[03:27.513]相遇乱世以外危难中相爱
[03:38.26]相遇乱世以外危难中相爱
[03:48.981]我没想到', 'music/光年之外.mp3', 6, 0, '');
INSERT INTO `songs` VALUES (11, 3, '倒数', 'song/倒数.jpg', '[00:00.01]倒数 - G.E.M. 邓紫棋
[00:03.06]词：G.E.M. 邓紫棋
[00:04.37]曲：G.E.M. 邓紫棋/Lupo Groinig
[00:06.12]编曲：Lupo Groinig
[00:07.13]监制：Lupo Groinig
[00:08.16]OP：蜂鸟音乐
[00:09.45]SP：百纳娱乐
[00:12.09]还没到的樱花季
[00:15.02]还没用的照相机
[00:17.93]还没光临的餐厅
[00:20.47]还在期待
[00:21.54]有着你的旅行
[00:23.76]等待日落的巴黎
[00:26.65]铁塔之下牵着你
[00:29.71]等待说着我愿意
[00:32.32]等待未来
[00:33.28]每天身边有你
[00:35.09]一点一滴每一天珍惜
[00:39.21]怕突然来不及
[00:42.05]好好的爱你
[00:44.99]时针一直倒数着
[00:47.93]我们剩下的快乐
[00:50.81]此刻相拥的狂热
[00:53.78]却永远都深刻
[00:56.7]心跳一直倒数着
[00:59.64]生命剩下的温热
[01:02.59]至少用力地爱着
[01:05.53]还乌黑的头发
[01:08.41]有你就不怕白了
[01:10.6]漆黑过后是旭日
[01:13.57]泪流以后是坚持
[01:16.479996]真的爱是日复日
[01:19.06]从不放弃
[01:20.06]重复说你愿意
[01:22.37]还没退化的眼睛
[01:25.270004]抓紧时间看看你
[01:28.22]爱是从来不止息
[01:30.69]一个风景
[01:31.87]每天新的生命
[01:33.67]一点一滴每一天珍惜
[01:37.71]用尽每一口气
[01:40.53]好好的爱你
[01:43.42]时针一直倒数着
[01:46.44]我们剩下的快乐
[01:49.369995]此刻相拥的狂热
[01:52.28]却永远都深刻
[01:55.270004]心跳一直倒数着
[01:58.229996]生命剩下的温热
[02:01.15]至少用力地爱着
[02:04.06]还乌黑的头发
[02:06.93]有你就不怕白了
[02:09.65]咖啡再不喝就酸了
[02:12.64]晚餐再不吃就冷了
[02:15.49]爱着为什么不说呢
[02:17.57]难道错过了才来后悔着
[02:21.29001]谁梦未实现就醒了
[02:24.27]谁心没开过就灰了
[02:27.22]追逐爱的旅途曲折
[02:29.2]就算再曲折为你都值得
[02:32.25]一点一滴每一天珍惜
[02:36.20999]用尽每一口气
[02:39.1]好好的爱你
[02:41.93]时针一直倒数着
[02:45.01]我们剩下的快乐
[02:47.91]此刻相拥的狂热
[02:50.84]却永远都深刻
[02:53.72]心跳一直倒数着
[02:56.7]生命剩下的温热
[02:59.6]至少痛并快乐着
[03:02.53]爱过才算活着
[03:05.36]有你别无所求了
[03:11.21]有你别无所求了
[03:17.09]有你别无所求了
[03:22.95999]有你别无所求了
[03:28.88]有你别无所求了
[03:34.69]有你别无所求了', 'music/倒数.mp3', 7, 0, '');
INSERT INTO `songs` VALUES (12, 3, '句号', 'song/句号.jpg', '[00:00.0]句号 - G.E.M. 邓紫棋
[00:00.7]词：G.E.M. 邓紫棋
[00:01.32]曲：G.E.M. 邓紫棋
[00:01.94]编曲 Arranged by：G.E.M.邓紫棋/T-Ma 马敬恒
[00:03.26]制作人 Producer：G.E.M.邓紫棋/T-Ma 马敬恒
[00:04.59]和音 Bvox：G.E.M.邓紫棋
[00:05.37]混音 Mixed by：Richard Furch
[00:05.91]母带 Mastered by：Randy Merrill @ Sterling Sound
[00:06.51]可惜我们终于来到 一个句号
[00:13.18]窗外不愿飞的蜂鸟 也在哀悼
[00:19.84]城市再也不会听到 我们争吵
[00:26.45]你会不会少了一点烦恼
[00:33.37]回到十二年前 回忆就在眼前
[00:36.79]你带着帽子 而我样子 带着腼腆
[00:39.79]不过第一次的见面 你说 你有先见
[00:43.17]我的先天 被训练过 我能有片天
[00:46.52]我当时天真 寡见鲜闻
[00:49.72]不像成年人 有能力辨认
[00:52.91]不是为了赚了有钱分
[00:55.13]我为我的前程
[00:56.81]希望我写的歌里面有更好的和弦声
[00:59.85]时针滴滴答 你还记得吗
[01:06.37]说句心里话 你还怀念吗
[01:13.09]第一次发唱片 就一马当先
[01:16.45]从此在大场面 我不再站旁边
[01:19.81]我是真的感谢 佩服你的眼界
[01:23.16]怎么想到和你是带着刺痛地完结
[01:26.71]你看着一朵花慢慢萌芽
[01:30.54]我却看着你意气慢慢风发
[01:33.11]欲望聚沙成塔 价值慢慢分岔
[01:36.47]太多失望让我对你的信任慢慢崩塌
[01:40.020004]可惜我们终于来到 一个句号
[01:46.42]窗外不愿飞的蜂鸟 也在哀悼
[01:53.07]城市再也不会听到 我们争吵
[01:59.71]你会不会少了一点烦恼
[02:06.53]时针滴滴答 你还记得吗
[02:13.13]说句心里话 你还怀念吗
[02:18.83]你说我是个商品
[02:20.95]没有你我就不可以
[02:22.61]这些扭曲的真理
[02:23.99]差点毁掉我的自信
[02:25.98]如今的我已觉醒 如今我不再哭泣
[02:29.29001]再不怕坚持自己
[02:30.67]做你没做对的决定
[02:32.67]你知道吗 这一辈子除了我的爸爸
[02:37.18]你曾是我最信任的男人吧
[02:39.73]但空白的娃娃 总会慢慢长大
[02:43.1]抱歉我没法永远当你听话的傻瓜
[02:46.22]可惜我们终于来到 一个句号
[02:53.11]窗外不愿飞的蜂鸟 也在哀悼
[02:59.92]城市再也不会听到 我们争吵
[03:06.43]你会不会少了一点烦恼
[03:15.4]多少年里 多少遍你
[03:17.77]多少错却没多少歉意
[03:21.9]但过去了就不再介意
[03:23.64]把珍贵的放心里
[03:25.16]把痛的伤的全都忘记
[03:27.76]我青春的全部回忆
[03:31.89]那爱的恨的全都是你
[03:35.19]希望你偶尔也会想起
[03:37.18]就让我真心真意
[03:38.73]把歌唱完重新开始
[03:40.09]时针滴滴答 你还记得吗
[03:46.34]说句心里话 你还怀念吗
[03:47.63]版权所有，翻版必究。', 'music/句号.mp3', 8, 0, '');
INSERT INTO `songs` VALUES (13, 3, '多远都要在一起', 'song/多远都要在一起.jpg', '[00:00.0]多远都要在一起 - G.E.M. 邓紫棋
[00:01.62]词：G.E.M. 邓紫棋
[00:02.46]曲：G.E.M. 邓紫棋
[00:03.24]编曲：Lupo Groinig
[00:03.86]OP：蜂鸟音乐
[00:04.68]SP：百纳娱乐
[00:14.4]想听你听过的音乐
[00:16.76]想看你看过的小说
[00:20.37]我想收集每一刻
[00:22.64]我想看到你眼里的世界
[00:28.63]想到你到过的地方
[00:30.72]和你曾渡过的时光
[00:34.43]不想错过每一刻
[00:36.82]多希望我一直在你身旁
[00:42.82]未来何从何去
[00:45.44]你快乐我也就没关系
[00:48.64]对你我最熟悉
[00:50.96]你爱自由我却更爱你
[00:55.63]我能习惯远距离
[00:59.15]爱总是身不由己
[01:02.66]宁愿换个方式至少还能遥远爱着你
[01:09.71]爱能克服远距离
[01:13.08]多远都要在一起
[01:16.78]你已经不再存在我世界里
[01:22.0]请不要离开我的回忆
[01:39.270004]想你说爱我的语气
[01:41.45]想你望着我的眼睛
[01:45.06]不想忘记每一刻
[01:47.369995]用思念让我们一直前进
[01:53.33]想像你失落的唇印
[01:55.520004]想像你失约的旅行
[01:59.119995]想像你离开的一刻
[02:01.59]如果我有留下你的勇气
[02:06.22]我能习惯远距离
[02:09.58]爱总是身不由己
[02:13.25]宁愿换个方式至少还能遥远爱着你
[02:20.2]爱能克服远距离
[02:23.68]多远都要在一起
[02:27.20999]我已经不再存在你的心里
[02:32.53]就让我独自守着回忆
[02:36.19]如果阳光永远都炽热
[02:39.69]如果彩虹不会掉颜色
[02:43.0]你能不能不离开呢
[02:50.25]我能习惯远距离
[02:53.70999]爱总是身不由己
[02:57.33]宁愿换个方式至少还能遥远爱着你
[03:04.24]爱能克服远距离
[03:07.71]多远都要在一起
[03:11.24]你已经不再存在我世界里
[03:16.64]请不要离开我的回忆
[03:25.82]请不要离开不要离开我的回忆', 'music/多远都要在一起.mp3', 9, 0, '');
INSERT INTO `songs` VALUES (14, 5, '超级冠军', 'song/超级冠军.jpg', '[00:00.0]超级冠军 - 鹿晗
[00:07.43]词：Squareloud/Matthew Tishler
[00:14.87]曲：Squareloud/Matthew Tishler
[00:22.31]Hear the crowd go
[00:23.56]Oh oh oh oh oh
[00:27.98]Hear the crowd go
[00:29.31]Oh oh oh oh oh
[00:33.91]Hear the crowd go
[00:34.95]Oh oh oh oh oh
[00:39.32]Hear the crowed go
[00:40.61]Oh oh oh oh oh
[00:44.42]Yo here We go
[00:46.57]抓紧时间
[00:47.94]挑战一切
[00:49.3]Get your game on
[00:50.37]Whoaaa
[00:52.12]平行世界
[00:53.54]任我穿越
[00:55.04]Yeah I like it
[00:55.95]Whoaaaa
[00:57.51]All around the world
[01:00.27]Jump in the air air jump in the air yeah
[01:03.19]All the boys and girls
[01:05.93]全都听得见
[01:06.89]全都会发现
[01:08.0]Sing it like
[01:08.74]1 2 3
[01:10.56]画面全部接入memories
[01:14.34]1 2 3
[01:16.19]一起进入这新世界 set it free
[01:21.88]Drop the beat now
[01:28.09]Yeah
[01:33.270004]Hear the crowd like
[01:44.35]Here we go
[01:45.82]创造极限
[01:47.229996]突破边缘
[01:48.66]Get your game on
[01:49.619995]Whoaaa
[01:51.479996]新的体现
[01:52.9]Can you feel this
[01:54.33]Yeah I like it
[01:55.33]Whoaaaa
[01:56.55]All around the world
[01:59.58]Jump in the air air jump in the air yeah
[02:02.51]All the boys and girls
[02:05.19]全都听得见
[02:06.2]全都会发现
[02:07.15]Sing it like
[02:07.99]1 2 3
[02:09.79]画面全部接入memories
[02:13.7]1 2 3
[02:15.46]一起进入这新世界 set it free
[02:20.98]Hear the crowd go
[02:22.19]Oh oh oh oh oh
[02:26.67]Hear the crowd go
[02:27.81]Oh oh oh oh oh
[02:32.33]Hear the crowd go
[02:33.47]Oh oh oh oh oh
[02:38.01]Hear the crowd go
[02:39.15]Oh oh oh oh oh
[02:43.69]Bring the beat back
[02:49.20999]Hear the crowed go
[02:55.03]Here We go
[03:00.66]Hear the crowed go
[03:08.95]Breathe it in
[03:11.72]Breathe it in
[03:15.6]让这时空围绕着你 baby
[03:20.16]Watch us win
[03:22.98]Watch us win
[03:25.49]追求未来的自由
[03:28.29001]Free your mind and let it go
[03:34.41]Hear the crowd go
[03:35.57]Oh oh oh oh oh
[03:40.1]Hear the crowd go
[03:41.22]Oh oh oh oh oh
[03:45.75]Hear the crowd go
[03:46.9]Oh oh oh oh oh
[03:51.4]Hear the crowd go
[03:52.57]Oh oh oh oh oh
[03:58.12]Oh oh oh oh oh
[04:03.79]Oh oh oh oh oh
[04:09.35]Oh oh oh oh oh
[04:15.01]Oh oh oh oh oh', 'music/超级冠军.mp3', 12, 0, '');
INSERT INTO `songs` VALUES (15, 3, 'Where Did U Go', 'song/WhereDidUGo.jpg', '[00:00.0]Where Did U Go (G.E.M.重生版) - G.E.M. 邓紫棋
[00:09.62]词：G.E.M.邓紫棋
[00:14.15]曲：Skot Suyama
[00:16.41]制作人：G.E.M.邓紫棋/刘卓
[00:23.77]曾看着同星空 闲聊吹风
[00:26.99]看日出多心动
[00:29.57]曾每日缠一起 傻傻讲起
[00:32.86]能爱到下世纪
[00:35.43]怎么你俘虏这个心
[00:37.03]却抽身退隐 不再亲近
[00:41.74]独自苦等 仍然空等
[00:44.35]难藏泪印
[00:47.68]看着 电话中短讯
[00:50.58]听着 录音的口讯
[00:53.55]昨天的你哪天再接近
[00:59.01]Tell me where did you go
[01:01.86]心声都不可细诉
[01:04.26]Oh tell me baby where did you hide
[01:07.68]辛苦都未被谅解
[01:11.06]Where did you go
[01:13.55]数数多久不碰到
[01:16.7]我在每夜 彻夜狂想
[01:21.64]Where did you go
[01:28.13]而这夜月光中
[01:29.94]再见影踪 再献花多感动
[01:34.009995]而似蜜甜的心
[01:35.75]明明开心 为何又骤降温
[01:39.740005]怎么你一下子抱紧
[01:41.39]却一下子转身 不再亲近
[01:46.14]独自苦等 仍然空等
[01:48.72]难藏泪印
[01:52.04]看着 电话中短讯
[01:54.95]听着 录音的口讯
[01:57.880005]昨天的你哪天再接近
[02:03.36]Tell me where did you go
[02:06.3]心声都不可细诉
[02:08.56]Oh tell me baby where did you hide
[02:12.18]辛苦都未被谅解
[02:15.48]Where did you go
[02:17.95]数数多久不碰到
[02:21.08]我在每夜 彻夜狂想
[02:26.42]Where did you go
[02:29.51]Where did you go
[02:32.63]怎会当这刻我需要你
[02:35.51]你却没在我身边
[02:38.12]Where did you go
[02:41.11]Where did you go
[02:44.2]这秒钟很挂牵
[02:45.77]你却不可感觉到
[02:49.82]Where did you go
[02:51.29001]Where where did you go
[02:54.16]Where where did you go
[02:57.02]Where where did you go
[03:01.98]Tell me where did you go
[03:04.8]心声都不可细诉
[03:07.19]Oh tell me baby where did you hide
[03:10.68]辛苦都未被谅解
[03:14.0]Where did you go
[03:16.52]数数多久不碰到
[03:19.53]我在每夜 彻夜狂想
[03:23.85]Tell me where did you go
[03:25.65]Tell me where did you go
[03:28.28]心声都不可细诉
[03:30.67]Oh tell me baby where did you hide
[03:34.08]辛苦都未被谅解
[03:37.42]Where did you go
[03:39.92]数数多久不碰到
[03:42.98]我在每夜 彻夜狂想
[03:48.04001]Where did you go
[03:50.69]混音：Richard Furch @ mixHaus studios, Los Angeles
[03:51.43]母带：黄可爱
[03:51.6]版权所有，翻版必究', 'music/Where Did U Go.mp3', 10, 0, '');
INSERT INTO `songs` VALUES (16, 3, '喜欢你', 'song/喜欢你.jpg', '[00:00.0]喜欢你 - G.E.M. 邓紫棋
[00:02.95]词：黄家驹
[00:04.4]曲：黄家驹
[00:05.42]编曲：Lupo Groinig
[00:06.86]OP：蜂鸟音乐
[00:08.51]SP：百纳娱乐
[00:12.3]细雨带风湿透黄昏的街道
[00:18.47]抹去雨水双眼无故地仰望
[00:23.99]望向孤单的晚灯
[00:27.35]是那伤感的记忆
[00:33.85]再次泛起心里无数的思念
[00:40.05]以往片刻欢笑仍挂在脸上
[00:45.56]愿你此刻可会知
[00:48.9]是我衷心的说声
[00:53.97]喜欢你 那双眼动人
[01:00.07]笑声更迷人
[01:03.14]愿再可 轻抚你
[01:09.25]那可爱面容
[01:12.33]挽手说梦话
[01:15.4]像昨天 你共我
[01:26.229996]满带理想的我曾经多冲动
[01:32.369995]屡怨与她相爱难有自由
[01:37.82]愿你此刻可会知
[01:41.22]是我衷心的说声
[01:46.2]喜欢你 那双眼动人
[01:52.36]笑声更迷人
[01:55.479996]愿再可 轻抚你
[02:01.57]那可爱面容
[02:04.7]挽手说梦话
[02:07.74]像昨天 你共我
[02:25.52]每晚夜里自我独行
[02:29.34]随处荡 多冰冷
[02:37.8]以往为了自我挣扎
[02:41.64]从不知 她的痛苦
[02:54.01]喜欢你 那双眼动人
[03:00.07]笑声更迷人
[03:03.16]愿再可 轻抚你
[03:09.3]那可爱面容
[03:12.37]挽手说梦话
[03:15.43]像昨天 你共我', 'music/喜欢你.mp3', 11, 0, '');
INSERT INTO `songs` VALUES (17, 6, 'We Are The Champions', 'song/WeAreTheChampions.jpg', '[00:00.0]We Are The Champions - Queen (皇后乐队)
[00:00.42]   
[00:00.42]Lyrics by：Freddie Mercury
[00:00.84]   
[00:00.84]Composed by：Freddie Mercury
[00:01.27]   
[00:01.27]I\'ve paid my dues
[00:04.89]我已付出了代价
[00:04.89]Time after time
[00:08.63]一次又一次
[00:08.63]I\'ve done my sentence
[00:12.13]我服了刑
[00:12.13]But committed no crime
[00:16.51]但没有犯罪
[00:16.51]And bad mistakes
[00:20.38]我犯过了一些
[00:20.38]I\'ve made a few
[00:24.22]严重的错误
[00:24.22]I\'ve had my share of sand
[00:26.02]我自作
[00:26.02]Kicked in my face
[00:27.62]自受
[00:27.62]But I\'ve come through
[00:30.21]但我都熬过来了
[00:30.21]And I need to go on and on and on and on
[00:34.84]我要继续
[00:34.84]We are the champions my friend
[00:41.45]我们是冠军 我的朋友们
[00:41.45]And we\'ll keep on fighting till the end
[00:49.94]我们会一直战斗到最后
[00:49.94]We are the champions
[00:53.62]我们是冠军
[00:53.62]We are the champions
[00:57.33]我们是冠军
[00:57.33]No time for losers
[01:00.84]这世界不属于失败者
[01:00.84]\'Cause we are the champions of the world
[01:17.15]因为我们是世界冠军
[01:17.15]I\'ve taken my bows
[01:20.78]我鞠躬谢幕
[01:20.78]And my curtain calls
[01:25.270004]将落下帷幕
[01:25.270004]You bought me fame and fortune
[01:27.46]你们给我带来名誉和财富
[01:27.46]And everything that goes with it
[01:29.51]和随之而来的一切
[01:29.51]I thank you all
[01:32.020004]我感谢你们
[01:32.020004]But it\'s been no bed of roses no pleasure cruise
[01:39.89]但这并不是一场欢乐盛宴 也不是一场愉悦的旅程
[01:39.89]I consider it a challenge before the whole human race
[01:43.770004]我认为这是一个摆在全人类面前的挑战
[01:43.770004]And I ain\'t gonna lose
[01:46.45]而我绝不会输
[01:46.45]And I need just go on and on and on and on
[01:50.56]我要继续
[01:50.56]We are the champions my friend
[01:57.71]我们是冠军 我的朋友们
[01:57.71]And we\'ll keep on fighting till the end
[02:05.81]我们会一直战斗到最后
[02:05.81]We are the champions
[02:09.43]我们是冠军
[02:09.43]We are the champions
[02:13.26]我们是冠军
[02:13.26]No time for losers
[02:16.68]这世界不属于失败者
[02:16.68]\'Cause we are the champions of the world
[02:23.61]因为我们是世界冠军
[02:23.61]We are the champions my friend
[02:29.93]我们是冠军 我的朋友们
[02:29.93]And we\'ll keep on fighting till the end
[02:37.67]我们会一直战斗到最后
[02:37.67]We are the champions
[02:41.24]我们是冠军
[02:41.24]We are the champions
[02:44.94]我们是冠军
[02:44.94]No time for losers
[02:48.43]这世界不属于失败者
[02:48.43]\'Cause we are the champions
[02:53.043]因为我们是冠军', 'music/We Are The Champions.mp3', 13, 0, '');
INSERT INTO `songs` VALUES (18, 3, '回忆的沙漏', 'song/回忆的沙漏.jpg', '[00:00.0]回忆的沙漏 (G.E.M.重生版) - G.E.M. 邓紫棋
[00:06.5]词：庭竹
[00:07.86]曲：G.E.M.邓紫棋
[00:10.6]制作人：G.E.M.邓紫棋/刘卓
[00:15.05]拼图一片片失落 像枫叶的冷漠
[00:21.78]墙上的钟 默默数着寂寞
[00:29.58]咖啡飘散过香味 剩苦涩陪着我
[00:36.62]想念的心 埋葬我在深夜的脆弱
[00:44.2]无尽的苍穹 满天的星座
[00:47.78]你的光亮一闪而过
[00:51.35]只想要记住这永恒的瞬间
[00:57.36]像流星的坠落 灿烂夺去了轮廓
[01:05.75]这刹那过后 世界只是 回忆的沙漏
[01:11.83]像流星的坠落
[01:15.75]绚丽地点亮了整个星空
[01:19.88]像你故事在我生命留下
[01:23.9]不褪色的伤口
[01:29.79]湖水守候着沉默 等待天边的月
[01:36.39]孤独的水面 却漆黑整夜
[01:44.06]夜雾凝结的泪光 被蒸发在角落
[01:51.16]他无情地 遗忘我在追忆的漩涡
[01:58.8]无尽的苍穹 满天的星座
[02:02.3]你的光亮 一闪而过
[02:05.79]只想要记住这永恒的瞬间
[02:11.83]像流星的坠落 灿烂夺去了轮廓
[02:20.29001]这刹那过后 世界只是 回忆的沙漏
[02:26.36]像流星的坠落
[02:30.27]绚丽地点亮了整个星空
[02:34.47]像你故事在我生命留下
[02:38.45]不褪色的伤口
[02:41.91]在黑夜的尽头 是你的捉弄
[02:45.64]和无声的伤痛
[02:48.88]燃烧过后 只剩静默
[03:00.95]像流星的坠落 灿烂夺去了轮廓
[03:09.33]这刹那过后 世界只是 回忆的沙漏
[03:16.75]流星坠落 绚丽地点亮了整个星空
[03:23.6]像你故事在我生命留下
[03:27.51]不褪色的伤口
[03:31.98]混音：Richard Furch @ mixHaus studios, Los Angeles
[03:32.73]母带：黄可爱', 'music/回忆的沙漏.mp3', 10, 0, '');
INSERT INTO `songs` VALUES (19, 3, '我的秘密', 'song/我的秘密.jpg', '[00:00.0]我的秘密 (G.E.M.重生版) - G.E.M. 邓紫棋
[00:04.17]词：G.E.M.邓紫棋
[00:06.02]曲：G.E.M.邓紫棋
[00:07.88]制作人：G.E.M.邓紫棋/刘卓
[00:10.89]最近一直很好心情 不知道什么原因
[00:20.02]我现在这一种心情 我想要唱给你听
[00:38.56]看着窗外的小星星
[00:42.98]心里想着我的秘密
[00:47.6]算不算爱我不太确定
[00:52.25]我只知道我在想你
[01:05.65]我们之间的距离好像忽远又忽近
[01:10.05]你明明不在我身边我却觉得很亲
[01:14.41]Ha 有一种感觉我想说明
[01:19.08]我心里的秘密 是你给的甜蜜
[01:24.0]我们之间的距离好像一点点靠近
[01:28.61]是不是你对我也有一种特殊感情
[01:32.89]Ha 我犹豫要不要告诉你
[01:37.58]我心里的秘密 是我好像喜欢了你
[01:52.520004]夜里陪着我的声音 就算沙了也动听
[02:01.53]这一种累了的声音 是最温柔的证明
[02:10.92]你是我 你是我的秘密
[02:12.95]我一直偷偷想着你
[02:15.2]你是我心里的秘密
[02:19.42]我们之间的距离好像忽远又忽近
[02:23.9]你明明不在我身边我却觉得很亲
[02:28.29001]Ha 有一种感觉我想说明
[02:32.92]我心里的秘密 是你给的甜蜜
[02:37.82]我们之间的距离好像一点点靠近
[02:42.42]是不是你对我也有一种特殊感情
[02:46.70999]Ha 我犹豫要不要告诉你
[02:51.34]我心里的秘密 是我好像喜欢了你
[03:05.09]这模糊的关系 是莫名的美丽
[03:14.96]我们之间的距离好像忽远又忽近
[03:19.41]你明明不在我身边我却觉得很近
[03:23.72]Ha 这一刻我真的想说明
[03:28.33]我心里的秘密 是你给的甜蜜
[03:33.23]我们之间的距离每天一点点靠近
[03:37.86]这是种别人无法理解的特殊感情
[03:42.15]Ha 我要让全世界都清晰
[03:46.85]我心里的秘密 是我会一直深爱着你
[03:55.47]深爱着你
[03:59.82]混音：Richard Furch @ mixHaus studios, Los Angeles
[04:00.55]母带：黄可爱', 'music/我的秘密.mp3', 10, 0, '');
INSERT INTO `songs` VALUES (20, 6, 'Bohemian Rhapsody', 'song/BohemianRhapsody.jpg', '[00:00.0]Bohemian Rhapsody - Queen (皇后乐队)
[00:00.21]   
[00:00.21]Lyrics by：Freddie Mercury
[00:00.43]   
[00:00.43]Composed by：Freddie Mercury
[00:00.65]   
[00:00.65]Is this the real life
[00:04.35]这一切是真的吗？
[00:04.35]Is this just fantasy
[00:07.79]亦或仅仅是幻觉？
[00:07.79]Caught in a landslide no escape from reality
[00:15.27]被困于山崩地裂 无法逃脱现实的牢笼
[00:15.27]Open your eyes look up to the skies and see
[00:25.65]睁开你的双眼 抬头望望天空
[00:25.65]I\'m just a poor boy I need no sympathy
[00:31.57]我只是一个穷小孩 我不值得同情
[00:31.57]Because I\'m easy come easy go little high little low
[00:39.03]因为我总是说来就来 说走就走 时而高亢 时而低沉
[00:39.03]Any way the wind blows doesn\'t really matter to me to me
[00:56.19]风往何处吹 对我来说已无关紧要
[00:56.19]Mama just killed a man
[01:02.46]妈妈啊 我刚刚杀了个人
[01:02.46]Put a gun against his head
[01:05.47]我拿枪指着他的头
[01:05.47]Pulled my trigger now he\'s dead
[01:09.63]扣下了扳机 现在他死了
[01:09.63]Mama life had just begun
[01:16.03]妈妈啊 生活才刚刚开始啊
[01:16.03]But now I\'ve gone and thrown it all away
[01:23.29]然而如今我却远走并抛之脑后
[01:23.29]Mama ooh didn\'t mean to make you cry
[01:33.31]妈妈 我并不想让你流泪
[01:33.31]If I\'m not back again this time tomorrow
[01:38.1]要是我在明天这个时候未能归来
[01:38.1]Carry on carry on as if nothing really matters
[01:55.45]让生活继续吧 如同什么都没发生
[01:55.45]Too late my time has come
[02:01.88]太晚了 我的归宿要来了
[02:01.88]Sends shivers down my spine
[02:04.95]我的脊梁开始发颤
[02:04.95]My body\'s aching all the time
[02:09.02]浑身上下疼痛难忍
[02:09.02]Goodbye everybody I\'ve got to go
[02:15.59]再见吧 各位 我要离开了
[02:15.59]Gotta leave you all behind and face the truth
[02:22.76]我将离你们而去 去接受现实的审判
[02:22.76]Mama ooh
[02:26.34]妈妈喔
[02:26.34]Any way the wind blows
[02:29.45999]无论风往何处吹
[02:29.45999]I don\'t wanna die
[02:32.83]我也不想死去
[02:32.83]I sometimes wish I\'d never been born at all
[03:06.95]甚至有时我希望自己未曾来到这世上
[03:06.95]I see a little silhouetto of a man
[03:09.83]我看到一个小小的人影
[03:09.83]Scaramouche Scaramouche will you do the Fandango
[03:13.36]小丑角 胆小鬼 你会跳方丹戈舞吗？
[03:13.36]Thunderbolt and lightning very very fright\'ning me
[03:16.95]这雷鸣与电闪 着实惊吓到我了
[03:16.95]Galileo
[03:17.69]伽利略
[03:17.69]Galileo Galileo
[03:19.33]伽利略 伽利略
[03:19.33]Galileo Galileo Figaro magnifico
[03:23.75]伽利略 伽利略 费加罗 贵族大人
[03:23.75]I\'m just a poor boy nobody loves me
[03:26.78]但我只是个穷小孩 没有人爱我
[03:26.78]He\'s just a poor boy from a poor family
[03:29.77]他只是个穷人家里的一个穷小孩
[03:29.77]Spare him his life from this monstrosity
[03:34.85]饶了这怪胎一命吧
[03:34.85]Easy come easy go will you let me go
[03:37.65]我总是被人使唤 你们会放我走吗？
[03:37.65]Bismillah
[03:38.78]以神之名！
[03:38.78]No we will not let you go
[03:40.62]不 我们不会放你走
[03:40.62]Let him go
[03:41.62]让他走
[03:41.62]Bismillah
[03:42.72]以神之名！
[03:42.72]We will not let you go
[03:43.81]我们不会放你走
[03:43.81]Let him go
[03:44.85]让他走
[03:44.85]Bismillah
[03:45.93]以神之名！
[03:45.93]We will not let you go
[03:47.1]我们不会放你走
[03:47.1]Let me go
[03:47.66]让我走吧
[03:47.66]Will not let you go
[03:48.6]我们不会放你走
[03:48.6]Let me go
[03:49.27]让我走吧
[03:49.27]Will not let you go
[03:50.4]我们不会放你走
[03:50.4]Let me go
[03:51.11]让我走吧
[03:51.11]Ah
[03:52.49]   
[03:52.49]No no no no no no no
[03:55.05]   
[03:55.05]Oh mamma mia mamma mia
[03:56.56]妈妈咪呀
[03:56.56]Mamma mia let me go
[03:58.17]妈妈咪呀 让我走吧
[03:58.17]Beelzebub has a devil put aside for me for me for me
[04:15.95]别西卜派了一个魔鬼到我身边 到我身边
[04:15.95]So you think you can stone me and spit in my eye
[04:22.14]那么你们以为可以拿石头砸死我 唾弃我
[04:22.14]So you think you can love me and leave me to die
[04:27.29]那么你们以为可以爱着我 再让我一个人死去
[04:27.29]Oh baby can\'t do this to me baby
[04:33.96]哦 宝贝 不能这样对我 宝贝
[04:33.96]Just gotta get out just gotta get right outta here
[05:13.13]我必须出去 我必须逃离这个地方
[05:13.13]Nothing really matters anyone can see
[05:20.04]什么都没有意义了 任何人都看得出来
[05:20.04]Nothing really matters
[05:24.09]一切都无关紧要
[05:24.09]Nothing really matters to me
[05:29.009]对我来说已无关紧要了', 'music/Bohemian Rhapsody.mp3', 13, 0, '');
INSERT INTO `songs` VALUES (21, 6, 'We Will Rock You', 'song/WeWillRockYou.jpg', '[00:00.0]We Will Rock You (Movie Mix) - Queen
[00:03.05]   
[00:03.05]Lyricist：Brian May
[00:06.1]   
[00:06.1]Composer：Brian May
[00:09.16]   
[00:09.16]Producer：Queen/Mike Stone
[00:12.21]   
[00:12.21]Buddy you\'re a boy make a big noise
[00:14.45]你是个只会大声嚷嚷的孩子
[00:14.45]Playing in the street gonna be a big man someday
[00:17.91]在街头鬼混 希望有一天能成为大人物
[00:17.91]You got mud on your face you big disgrace
[00:21.04]你搞得灰头土脸 狼狈至极
[00:21.04]Kicking your can all over the place singing
[00:24.09]把铁罐到处踢来踢去 唱吧
[00:24.09]We will we will rock you
[00:29.84]我们要让你摇滚起来
[00:29.84]We will we will rock you
[00:35.91]我们要让你摇滚起来
[00:35.91]Buddy you\'re a young man hard man
[00:38.11]老兄 你是个年轻人 一个硬汉
[00:38.11]Shouting in the street gonna take on the world someday
[00:41.2]在街头叫嚣 总有一天要接管这个世界
[00:41.2]You got blood on your face you big disgrace
[00:44.54]你弄得满脸是血 狼狈至极
[00:44.54]Waving your banner all over the place
[00:47.62]到处挥舞着你的旗帜
[00:47.62]We will we will rock you sing it out
[00:53.91]我们要让你摇滚起来 唱起来吧
[00:53.91]We will we will rock you
[00:59.37]我们要让你摇滚起来
[00:59.37]Buddy you\'re an old man poor man
[01:01.66]老兄 你老了 穷光蛋一个
[01:01.66]Pleading with your eyes gonna make you some peace someday
[01:04.77]眼里祈求着宽恕总有一天可以使你得到平静
[01:04.77]You got mud on your face big disgrace
[01:08.07]你搞得灰头土脸 狼狈至极
[01:08.07]Somebody better put you back into your place
[01:10.979996]最好有人能把你赶回老家去
[01:10.979996]We will we will rock you
[01:16.89]我们要让你摇滚起来
[01:16.89]We will we will rock you
[01:22.87]我们要让你摇滚起来
[01:22.87]We will we will rock you
[01:28.87]我们要让你摇滚起来
[01:28.87]We will we will rock you
[01:33.087006]我们要让你摇滚起来', 'music/We Will Rock You.mp3', 13, 0, '');
INSERT INTO `songs` VALUES (22, 3, 'A.I.N.Y', 'song/A.I.N.Y.jpg', '[00:00.0]A.I.N.Y. (爱你) - G.E.M. 邓紫棋 (Gem Tang)
[00:01.25]词：邓紫棋
[00:02.51]曲：Lupo Groinig,邓紫棋
[00:03.77]分开以后每个夜晚
[00:07.3]格外的寂静
[00:10.63]滴答滴答
[00:12.36]剩大钟在陪着我回忆
[00:17.45]电话里头曾经是你最温柔的声音
[00:23.91]现在只有空气
[00:26.02]冷漠地回应
[00:30.27]OH 给你我的心
[00:33.59]能否请你别遗弃
[00:37.6]一句爱你爱你爱你爱你
[00:40.64]能否再也不分离
[00:43.96]OH 给你我的心
[00:47.3]为什么你却给了我孤寂
[00:51.28]就算爱你爱你爱你爱你
[00:54.37]可能你也不想听
[01:05.64]你的拥抱曾经是
[01:08.63]最温暖最熟悉
[01:12.33]现在换了谁安睡在你胸口的位置
[01:19.18]你的承诺曾是一种不自觉的甜蜜
[01:25.59]现在一划一笔
[01:27.72]刺在我心里
[01:31.979996]OH 给你我的心
[01:35.380005]能否请你别遗弃
[01:39.32]一句爱你爱你爱你爱你
[01:42.33]能否再也不分离
[01:45.69]OH 给你我的心
[01:49.11]为什么你却给了我孤寂
[01:53.009995]就算爱你爱你爱你爱你
[01:56.08]可能你也不想听 你不想听
[02:21.13]回忆
[02:21.51](最后的回忆)
[02:22.91]对你最后的回忆
[02:24.44]是你
[02:24.91](走远的身影)
[02:26.3]慢慢走远的身影
[02:27.93]然后你
[02:28.67](离开了)
[02:29.79001]离开了没有痕迹
[02:31.31]然后我 哭泣
[02:33.17]崩溃了放纵哭泣
[02:34.66]恨你恨你 每当我想起曾经
[02:38.06]曾经曾经曾经曾经
[02:42.47]Yeah
[02:49.62]还是爱你爱你爱你爱你
[02:52.6]难道还不能清醒
[02:55.91]OH 给你我的心
[02:59.32]为什么你却给了我孤寂
[03:03.27]一句爱你爱你爱你爱你
[03:06.4]难道你也不想听
[03:09.81]OH 给你我的心
[03:13.02]为什么你却给了我孤寂
[03:16.91]就算爱你爱你爱你爱你
[03:20.09]不值得为你伤心伤心
[03:31.25]Your confession remains to be my final pleading
[03:35.52]But the only thing thats here with me
[03:38.12]Is tic tac tic tac tic tac tic tac', 'music/A.I.N.Y.mp3', 10, 0, '');
INSERT INTO `songs` VALUES (23, 7, 'Ditto', 'song/Ditto.jpg', '[00:00.0]Ditto - NewJeans (뉴진스)
[00:00.54]   
[00:00.54]词：Ylva Dimberg/Hyu-il Cho (The Black Skirts)/Oohyo/MINJI
[00:00.99]   
[00:00.99]曲：250/Ylva Dimberg
[00:01.26]   
[00:01.26]编曲：250
[00:01.53]   
[00:01.53]Woo woo woo woo ooh
[00:08.68]   
[00:08.68]Woo woo woo woo
[00:14.55]   
[00:14.55]Stay in the middle
[00:16.29]总是模棱两可
[00:16.29]Like you a little
[00:18.12]好像有点喜欢你
[00:18.12]Don\'t want no riddle
[00:19.86]我不想猜什么谜语
[00:19.86]말해줘 say it back
[00:21.86]快告诉我 回答我
[00:21.86]Oh say it ditto
[00:23.51]告诉我你也同感
[00:23.51]아침은 너무 멀어
[00:25.33]早晨我已等不及
[00:25.33]So say it ditto
[00:29.02]所以快告诉我你也同感
[00:29.02]훌쩍 커버렸어
[00:30.97]转眼间已长大
[00:30.97]함께한 기억처럼
[00:32.69]正如一同走过的回忆
[00:32.69]널 보는 내 마음은
[00:34.52]我对你的这份喜欢
[00:34.52]어느새 여름 지나 가을
[00:37.4]不觉间夏去秋来
[00:37.4]기다렸지 all this time
[00:43.51]这一刻我已等了许久
[00:43.51]Do you want somebody
[00:45.25]你是否渴望着某人
[00:45.25]Like I want somebody
[00:46.99]和我一样渴望着某人
[00:46.99]날 보고 웃었지만
[00:48.86]虽然你在看着我笑
[00:48.86]Do you think about me now yeah
[00:51.76]此刻你是否正在想着我
[00:51.76]All the time yeah
[00:53.52]是否无时无刻不在想着我
[00:53.52]All the time
[00:55.47]无时无刻
[00:55.47]I got no time to lose
[00:59.1]我必须抓紧时间
[00:59.1]내 길었던 하루
[01:02.75]日子过得好漫长
[01:02.75]난 보고 싶어
[01:04.74]我想见到你
[01:04.74]Ra ta ta ta 울린 심장 ra ta ta ta
[01:09.8]心在扑通扑通跳
[01:09.8]I got nothing to lose
[01:13.49]我已经不顾一切
[01:13.49]널 좋아한다고 wooah wooah wooah
[01:19.020004]我喜欢你 
[01:19.020004]Ra ta ta ta 울린 심장 ra ta ta ta
[01:24.3]心在扑通扑通跳
[01:24.3]But I don\'t want to
[01:26.29]但是我不愿
[01:26.29]Stay in the middle
[01:27.94]总是模棱两可
[01:27.94]Like you a little
[01:29.72]好像有点喜欢你
[01:29.72]Don\'t want no riddle
[01:31.49]我不想猜什么谜语
[01:31.49]말해줘 say it back
[01:33.45]快告诉我 回答我
[01:33.45]Oh say it ditto
[01:35.119995]告诉我你也同感
[01:35.119995]아침은 너무 멀어
[01:37.03]早晨我已等不及
[01:37.03]So say it ditto
[01:38.69]所以快告诉我你也同感
[01:38.69]I don\'t want to
[01:40.47]我不愿
[01:40.47]Walk in this 미로
[01:42.16]被困在迷宫里
[01:42.16]다 아는 건 아니어도
[01:44.259995]即便并非完全明白你的心
[01:44.259995]바라던 대로
[01:45.81]但我想听到那句话
[01:45.81]말해줘 say it back
[01:47.68]快告诉我 回答我
[01:47.68]Oh say it ditto
[01:49.4]告诉我你也同感
[01:49.4]I want you so want you
[01:51.29]我如此渴望你的陪伴
[01:51.29]So say it ditto
[01:54.979996]所以快告诉我你也同感
[01:54.979996]Not just anybody
[01:56.85]你对我而言如此特别
[01:56.85]너를 상상했지
[01:58.67]在脑海中想象着你
[01:58.67]항상 닿아있던
[02:00.45]这一份感觉从始至终
[02:00.45]처음 느낌 그대로 난
[02:03.4]从未变过
[02:03.4]기다렸지 all this time
[02:07.15]这一刻我已等了许久
[02:07.15]I got nothing to lose
[02:10.71]我已经不顾一切
[02:10.71]널 좋아한다고 wooah wooah wooah
[02:16.32]我喜欢你 
[02:16.32]Ra ta ta ta 울린 심장 ra ta ta ta
[02:21.47]心在扑通扑通跳
[02:21.47]But I don\'t want to
[02:23.51]但是我不愿
[02:23.51]Stay in the middle
[02:25.25]总是模棱两可
[02:25.25]Like you a little
[02:27.0]好像有点喜欢你
[02:27.0]Don\'t want no riddle
[02:28.78]我不想猜什么谜语
[02:28.78]말해줘 say it back
[02:30.69]快告诉我 回答我
[02:30.69]Oh say it ditto
[02:32.41]告诉我你也同感
[02:32.41]아침은 너무 멀어
[02:34.39]早晨我已等不及
[02:34.39]So say it ditto
[02:36.03]所以快告诉我你也同感
[02:36.03]I don\'t want to
[02:37.79001]我不愿
[02:37.79001]Walk in this 미로
[02:39.43]被困在迷宫里
[02:39.43]다 아는 건 아니어도
[02:41.47]即便并非完全明白你的心
[02:41.47]바라던 대로
[02:43.13]但我想听到那句话
[02:43.13]말해줘 say it back
[02:45.0]快告诉我 回答我
[02:45.0]Oh say it ditto
[02:46.69]告诉我你也同感
[02:46.69]I want you so want you
[02:48.6]我渴望你的陪伴
[02:48.6]So say it ditto
[02:53.62]所以快告诉我你也同感
[02:53.62]Woo woo woo woo ooh
[03:00.85]   
[03:00.85]Woo woo woo woo
[03:05.085]', 'music/Ditto.mp3', 14, 0, '');
INSERT INTO `songs` VALUES (24, 6, 'Another One Bites The Dust', 'song/AnotherOneBiteTheDust.jpg', '[00:00.0]Another One Bites The Dust (Remastered 2011) - Queen
[00:06.51]   
[00:06.51]Lyrics by：John Deacon
[00:13.02]   
[00:13.02]Composed by：John Deacon
[00:19.53]   
[00:19.53]Ooh let\'s go
[00:22.28]出发
[00:22.28]Steve walks warily down the street
[00:24.17]史蒂夫小心翼翼 高度警惕
[00:24.17]With the brim pulled way down low
[00:26.77]放低身姿 沿着马路边前行
[00:26.77]Ain\'t no sound but the sound of his feet
[00:28.77]周围静得只剩他自己的脚步声
[00:28.77]Machine guns ready to go
[00:30.76]机枪已在待命
[00:30.76]Are you ready
[00:31.35]你准备好了吗
[00:31.35]Hey are you ready for this
[00:32.95]准备好战斗了吗
[00:32.95]Are you hanging on the edge of your seat
[00:35.31]你是否还在自己的阵地上苦苦鏖战
[00:35.31]Out of the doorway the bullets rip
[00:37.77]门外 随着子弹出膛
[00:37.77]To the sound of the beat yeah
[00:41.83]枪声响起
[00:41.83]Another one bites the dust
[00:46.33]又一个人应声倒地
[00:46.33]Another one bites the dust
[00:48.39]又一个人应声倒地
[00:48.39]And another one gone and another one gone
[00:50.52]又死了一个 又死了一个
[00:50.52]Another one bites the dust yeah
[00:52.78]又一个人应声倒地
[00:52.78]Hey I\'m gonna get you too
[00:55.01]我也要将你们全部干掉
[00:55.01]Another one bites the dust
[01:05.86]又一个人应声倒地
[01:05.86]How do you think I\'m going to get along
[01:08.0]没有你在身旁
[01:08.0]Without you when you\'re gone
[01:10.1]你觉得我会怎样来继续战斗
[01:10.1]You took me for everything that I had
[01:12.44]你带走了我的一切
[01:12.44]And kicked me out on my own
[01:14.28]把我驱逐出界
[01:14.28]Are you happy are you satisfied
[01:16.71]你高兴了吗 满意了吗
[01:16.71]How long can you stand the heat
[01:19.09]你还能在这样的高温下坚持多久
[01:19.09]Out of the doorway the bullets rip
[01:21.36]门外 随着子弹出膛
[01:21.36]To the sound of the beat
[01:22.88]枪声响起
[01:22.88]Look out
[01:25.47]注意
[01:25.47]Another one bites the dust
[01:29.85]又一个人应声倒地
[01:29.85]Another one bites the dust
[01:31.8]又一个人应声倒地
[01:31.8]And another one gone and another one gone
[01:34.229996]又死了一个 又死了一个
[01:34.229996]Another one bites the dust
[01:36.53]又一个人应声倒地
[01:36.53]Hey I\'m gonna get you too
[01:38.6]我也要将你们全部干掉
[01:38.6]Another one bites the dust
[01:44.81]又一个人应声倒地
[01:44.81]Hey
[01:53.34]   
[01:53.34]Oh take it
[01:57.64]干掉他
[01:57.64]Bite the dust hey
[02:20.14]送他回西天老家
[02:20.14]Another one bites the dust
[02:22.20999]又一个人应声倒地
[02:22.20999]Another one bites the dust ow
[02:24.31]又一个人应声倒地
[02:24.31]Another one bites the dust hey hey
[02:26.53]又一个人应声倒地
[02:26.53]Another one bites the dust hey-eh-eh
[02:34.20999]又一个人应声倒地
[02:34.20999]Ooh
[02:37.12]   
[02:37.12]There are plenty of ways you can hurt a man
[02:39.54001]有无数种办法可以让一个人
[02:39.54001]And bring him to the ground
[02:41.5]身败倒地
[02:41.5]You can beat him you can cheat him you can treat him bad
[02:43.64]揍他 骗他 虐待他
[02:43.64]And leave him when he\'s down yeah
[02:46.06]当他颓废落魄时 甩了他
[02:46.06]But I\'m ready yes I\'m ready for you
[02:48.22]但我已做好准备来和你决战到底
[02:48.22]I\'m standing on my own two feet
[02:50.48]挺拔而立 头颅高高扬起
[02:50.48]Out of the doorway the bullets rip
[02:52.75]门外 随着子弹出膛
[02:52.75]Repeating the sound of the beat
[02:54.3]又一次枪声响起
[02:54.3]Oh yeah
[02:57.17]   
[02:57.17]Another one bites the dust
[03:01.4]又一个人应声倒地
[03:01.4]Another one bites the dust
[03:03.32]又一个人应声倒地
[03:03.32]And another one gone and another one gone
[03:05.69]又死了一个 又死了一个
[03:05.69]Another one bites the dust yeah
[03:07.94]又一个人应声倒地
[03:07.94]Hey I\'m gonna get you too
[03:10.24]我也要将你们全部干掉
[03:10.24]Another one bites the dust
[03:13.3]又一个人应声倒地
[03:13.3]Shoot out
[03:16.44]砰的一声
[03:16.44]Ay-yeah
[03:20.26]   
[03:20.26]Alright
[03:25.026]', 'music/Another One Bites The Dust.mp3', 13, 0, '');
INSERT INTO `songs` VALUES (25, 6, 'Don\'t Stop Me Now', 'song/DontStopMeNow.jpg', '[00:00.0]Don\'t Stop Me Now (Remastered 2011) - Queen
[00:00.13]   
[00:00.13]Lyrics by：Freddie Mercury
[00:00.27]   
[00:00.27]Composed by：Freddie Mercury
[00:00.4]   
[00:00.4]Tonight I\'m gonna have myself a real good time
[00:07.43]今晚我将享受真正的快乐时光
[00:07.43]I feel alive
[00:12.63]我感觉自己精力充沛
[00:12.63]And the world I\'ll turn it inside out yeah
[00:20.27]仿佛世界也将颠覆
[00:20.27]I\'m floating around in ecstasy
[00:24.7]在狂欢中游走
[00:24.7]So don\'t stop me now
[00:29.98]所以现在不要阻止我
[00:29.98]Don\'t stop me
[00:31.7]不要阻止我
[00:31.7]\'Cause I\'m having a good time having a good time
[00:35.22]因为我正玩得很开心
[00:35.22]I\'m a shooting star leaping through the sky
[00:37.93]我是一颗划过天际的流星
[00:37.93]Like a tiger defying the laws of gravity
[00:42.63]像一只目无一切的猛虎
[00:42.63]I\'m a racing car passing by like Lady Godiva
[00:47.18]我是一辆赛车 像Godiva夫人一样飞驰而过
[00:47.18]I\'m gonna go go go there\'s no stopping me
[00:52.3]我要一往无前 没什么能阻止我
[00:52.3]I\'m burning through the sky yeah
[00:55.2]我在天空中燃烧
[00:55.2]Two hundred degrees that\'s why they call me Mister Fahrenheit
[00:59.97]约有两百度 这就是他们叫我华氏先生的原因
[00:59.97]I\'m travelling at the speed of light
[01:02.33]我在以光速飞行
[01:02.33]I wanna make a supersonic man outta you
[01:06.27]我想让你也兴奋起来
[01:06.27]Don\'t stop me now
[01:08.38]不要阻止我
[01:08.38]I\'m having such a good time
[01:10.71]我玩得很开心
[01:10.71]I\'m having a ball
[01:12.39]我在狂欢
[01:12.39]Don\'t stop me now
[01:14.15]不要阻止我
[01:14.15]If you wanna have a good time
[01:16.74]若你也想享受快乐
[01:16.74]Just give me a call
[01:18.53]就给我打电话
[01:18.53]Don\'t stop me now
[01:19.91]不要阻止我
[01:19.91]\'Cause I\'m having a good time
[01:21.6]因为我玩得很开心
[01:21.6]Don\'t stop me now
[01:22.81]不要阻止我
[01:22.81]Yes I\'m having a good time
[01:24.39]我玩得很开心
[01:24.39]I don\'t wanna stop at all yeah
[01:28.74]我一点也不想停下来
[01:28.74]I\'m a rocket ship on my way to Mars on a collision course
[01:33.29]我是一艘去往火星的火箭船 在一次碰撞中
[01:33.29]I am a satellite I\'m out of control
[01:36.380005]我是人造卫星 我失去控制
[01:36.380005]I\'m a sex machine ready to reload
[01:39.229996]我是一台性感机器 正准备重新装填
[01:39.229996]Like an atom bomb about to oh oh oh oh oh explode
[01:45.53]像一颗原子弹 正准备爆炸
[01:45.53]I\'m burning through the sky yeah
[01:49.0]我在天空中燃烧
[01:49.0]Two hundred degrees that\'s why they call me Mister Fahrenheit
[01:53.58]约有两百度 这就是他们叫我华氏先生的原因
[01:53.58]I\'m travelling at the speed of light
[01:55.97]我在以光速飞行
[01:55.97]I wanna make a supersonic woman of you
[02:01.3]我想让你也兴奋起来
[02:01.3]Don\'t stop me don\'t stop me don\'t stop me
[02:03.42]不要阻止我 不要阻止我 不要阻止我
[02:03.42]Hey hey hey
[02:04.43]   
[02:04.43]Don\'t stop me don\'t stop me ooh ooh ooh
[02:06.94]不要阻止我 不要阻止我
[02:06.94]I like it
[02:07.62]我喜欢这样
[02:07.62]Don\'t stop me don\'t stop me
[02:08.76]不要阻止我 不要阻止我
[02:08.76]Have a good time good time
[02:10.4]我玩得很开心
[02:10.4]Don\'t stop me don\'t stop me aah
[02:14.1]不要阻止我 不要阻止我
[02:14.1]Let loose honey all right
[02:29.45]尽情放纵吧
[02:29.45]Oh I\'m burning through the sky yeah
[02:33.49]我在天空中燃烧
[02:33.49]Two hundred degrees that\'s why they call me Mister Fahrenheit
[02:37.77]约有两百度 这就是他们叫我华氏先生的原因
[02:37.77]Hey
[02:38.22]   
[02:38.22]Travelling at the speed of light
[02:40.41]我在以光速飞行
[02:40.41]I wanna make a supersonic man outta you
[02:43.31]我想让你也兴奋起来
[02:43.31]Yeah yeah
[02:44.25]   
[02:44.25]Don\'t stop me now
[02:46.51]不要阻止我
[02:46.51]I\'m having such a good time
[02:48.92]我玩得很开心
[02:48.92]I\'m having a ball
[02:50.52]我在狂欢
[02:50.52]Don\'t stop me now
[02:52.33]不要阻止我
[02:52.33]If you wanna have a good time
[02:54.85]若你也想享受快乐
[02:54.85]Just give me a call
[02:56.65]就给我打电话
[02:56.65]Don\'t stop me now
[02:58.0]不要阻止我
[02:58.0]\'Cause I\'m having a good time
[02:59.73]因为我玩得很开心
[02:59.73]Don\'t stop me now
[03:00.91]不要阻止我
[03:00.91]Yes I\'m having a good time
[03:02.56]我玩得很开心
[03:02.56]I don\'t wanna stop at all
[03:08.84]我一点也不想停下来
[03:08.84]Ah da da da da
[03:11.63]   
[03:11.63]Da da ah ah
[03:14.27]   
[03:14.27]Ah da da ah ah ah
[03:19.2]   
[03:19.2]Ah da da
[03:22.25]   
[03:22.25]Ah da da ah ah
[03:27.025]', 'music/Dont Stop Me Now.mp3', 13, 0, '');
INSERT INTO `songs` VALUES (26, 6, 'Under Pressure', 'song/UnderPressure.jpg', '[00:00.0]Under Pressure - Queen/David Bowie
[00:10.91]   
[00:10.91]Written by：Brian May/Freddie Mercury/John Deacon/Roger Taylor/David Bowie
[00:21.83]   
[00:21.83]Mmm num ba de
[00:24.0]   
[00:24.0]Dum bum ba be
[00:26.09]   
[00:26.09]Doo buh dum ba beh beh
[00:30.2]   
[00:30.2]Pressure pushing down on me
[00:33.76]压力 降临在我身上
[00:33.76]Pressing down on you no man ask for
[00:37.97]压力 降临在你身上 可是没人想这样
[00:37.97]Under pressure that burns a building down
[00:42.09]在压力下庞然大物也会坍塌
[00:42.09]Splits a family in two
[00:44.43]分裂家庭
[00:44.43]Puts people on streets
[00:47.0]人们因它流离失所
[00:47.0]Um ba ba be
[00:49.11]   
[00:49.11]Um ba ba be
[00:51.04]   
[00:51.04]De day da
[00:52.5]   
[00:52.5]Ee day da that\'s okay
[00:54.87]那好吧
[00:54.87]It\'s the terror of knowing what the world is about
[00:59.7]这就是知道世界的真相的可怕之处
[00:59.7]Watching some good friends screaming
[01:02.15]看着好友们大叫着
[01:02.15]Let me out
[01:03.69]放了我
[01:03.69]Pray tomorrow gets me higher
[01:07.88]祈祷明天我能够过得稍微好些
[01:07.88]Pressure on people people on streets
[01:12.33]人们承受压力 人们流落街头
[01:12.33]Day day de mm hm
[01:15.88]   
[01:15.88]Da da da ba ba
[01:18.04]   
[01:18.04]Okay
[01:21.75]好吧
[01:21.75]Chipping around kick my brains around the floor
[01:25.92]撕裂一切 把我的脑袋当球踢
[01:25.92]These are the days it never rains but it pours
[01:29.82]这就是我的生活 不鸣则已一鸣惊人
[01:29.82]Ee do ba be
[01:31.83]   
[01:31.83]Ee da ba ba ba
[01:33.990005]   
[01:33.990005]Um bo bo
[01:35.56]   
[01:35.56]Be lap
[01:37.95]   
[01:37.95]People on streets
[01:39.7]流落街头的人
[01:39.7]Ee da de da de
[01:42.130005]   
[01:42.130005]People on streets
[01:43.979996]流落街头的人
[01:43.979996]Ee da de da de da de da
[01:46.119995]   
[01:46.119995]It\'s the terror of knowing what the world is about
[01:50.72]这就是知道世界的真相的可怕之处
[01:50.72]Watching some good friends screaming
[01:53.1]看着好友们大叫着
[01:53.1]Let me out
[01:54.53]放了我
[01:54.53]Pray tomorrow gets me higher higher high
[01:59.03]祈祷明天我能够过得稍微好些
[01:59.03]Pressure on people people on streets
[02:05.36]人们承受压力 人们流落街头
[02:05.36]Turned away from it all like a blind man
[02:10.38]转过头 假装是盲人 不去看它
[02:10.38]Sat on a fence but it don\'t work
[02:14.22]坐在墙头 任由压力也毫无应对之策
[02:14.22]Keep coming up with love but it\'s so slashed and torn
[02:17.73]一直在爱 到头来却是无尽的伤害
[02:17.73]Why why why
[02:29.31]为什么 为什么
[02:29.31]Love love love love love
[02:33.09]爱 爱 爱
[02:33.09]Insanity laughs under pressure we\'re breaking
[02:36.81]压力下 我们挤出了失神的笑容
[02:36.81]Can\'t we give ourselves one more chance
[02:40.66]为何我们不再相信爱
[02:40.66]Why can\'t we give love that one more chance
[02:44.8]为什么我们不能给爱多一个机会？
[02:44.8]Why can\'t we give love give love give love give love
[02:49.92]为什么我们不能给爱多一个机会？
[02:49.92]Give love give love give love give love give love
[02:54.0]给爱多一个机会 给爱多一个机会
[02:54.0]Because love\'s such an old fashioned word
[02:59.19]爱是老掉牙的字眼
[02:59.19]And love dares you to care for
[03:03.98]爱却能让你放开胸怀
[03:03.98]The people on the edge of the night
[03:09.41]关心那些濒临崩溃边缘的人们
[03:09.41]And love dares you to change our way of
[03:14.99]爱也能让你勇于改变自己的生活方式
[03:14.99]Caring about ourselves
[03:19.17]给予多些爱护自己
[03:19.17]This is our last dance
[03:23.39]这是我们最后一曲
[03:23.39]This is our last dance
[03:27.64]这是我们最后一曲
[03:27.64]This is ourselves under pressure
[03:35.61]生活在压力之下的我们
[03:35.61]Under pressure
[03:40.35]在压力之下
[03:40.35]Pressure
[03:45.035]压力之下', 'music/Under Pressure.mp3', 13, 0, '');




-- ----------------------------
-- Table structure for swipers
-- ----------------------------
DROP TABLE IF EXISTS `swipers`;
CREATE TABLE `swipers`  (
  `id` int NOT NULL AUTO_INCREMENT,
  `title` varchar(100) CHARACTER SET utf8mb4 COLLATE utf8mb4_0900_ai_ci NULL DEFAULT NULL COMMENT '标题',
  `pic` varchar(255) CHARACTER SET utf8mb4 COLLATE utf8mb4_0900_ai_ci NULL DEFAULT NULL COMMENT '轮播图片',
  PRIMARY KEY (`id`) USING BTREE
) ENGINE = InnoDB AUTO_INCREMENT = 6 CHARACTER SET = utf8mb4 COLLATE = utf8mb4_0900_ai_ci ROW_FORMAT = Dynamic;

-- ----------------------------
-- Records of swipers
-- ----------------------------
INSERT INTO `swipers` VALUES (1, 'focus1', 'swiper_pic/focus1.jpg');
INSERT INTO `swipers` VALUES (2, 'focus2', 'swiper_pic/focus2.jpg');
INSERT INTO `swipers` VALUES (3, 'focus3', 'swiper_pic/focus3.jpg');
INSERT INTO `swipers` VALUES (4, 'focus4', 'swiper_pic/focus4.jpg');
INSERT INTO `swipers` VALUES (5, 'focus5', 'swiper_pic/focus5.jpg');

-- ----------------------------
-- Table structure for user_clicks
-- ----------------------------
DROP TABLE IF EXISTS `user_clicks`;
CREATE TABLE `user_clicks`  (
  `id` int NOT NULL AUTO_INCREMENT,
  `user_id` int NOT NULL COMMENT '用户ID',
  `song_id` int NOT NULL COMMENT '歌曲ID',
  `click_num` int NULL DEFAULT 0 COMMENT '点击次数',
  PRIMARY KEY (`id`) USING BTREE
) ENGINE = InnoDB AUTO_INCREMENT = 6 CHARACTER SET = utf8mb4 COLLATE = utf8mb4_0900_ai_ci ROW_FORMAT = Dynamic;

-- ----------------------------
-- Records of user_clicks
-- ----------------------------
INSERT INTO `user_clicks` VALUES (1, 1, 1, 17);
INSERT INTO `user_clicks` VALUES (2, 1, 2, 2);
INSERT INTO `user_clicks` VALUES (3, 1, 3, 3);
INSERT INTO `user_clicks` VALUES (4, 1, 7, 1);
INSERT INTO `user_clicks` VALUES (5, 1, 6, 3);

SET FOREIGN_KEY_CHECKS = 1;
